pdb,mutant,chain,ddG
2I05,R198A,A,3.185365837
2I05,H144A,A,1.776992995
4XR0,R198A,A,1.265683467
4XR0,H144A,A,4.701149827
4R56,P30A,A,0.747214618
4R56,K31A,A,0.931879703
4R56,R33A,A,0.171537799
4R56,K34A,A,0.335314669
2VS7,E117A,A,-1.232108575
2VS7,D21A,A,0.867711702
4WB2,S697A,A,3.498820485
4WB2,V709A,A,-0.390365112
4WB2,R721A,A,0.33698586
4WB2,D705A,A,5
4WUL,D50A,A,-0.433465383
4TMU,S97A,A,-0.217853807
4TMU,R125A,A,0.08477825
4TMU,R246A,A,2.162193282
4TMU,R275A,A,-0.047420271
4TMU,T293A,A,0.68048672
4TMU,R315A,A,0.410646113
4TMU,W347A,A,0.28411689
4TMU,R446A,A,-0.047420271
3WPC,W47A,A,2.086527367
3WPC,W96A,A,2.468487109
3WPC,F108A,A,2.187646572
3WPD,W47A,A,0.302270662
3WPD,W96A,A,0.410155731
3WPD,F108A,A,0.712426393
4RKG,R526A,A,0.824503276
4RKG,R543A,A,5
4QJU,R55A,A,1.718117506
4QJU,R58A,A,0.076501302
4QJU,K59A,A,0.873374483
3WTS,V170A,A,0.101913133
3WTS,Y329A,C,0.307308622
4QTJ,R38A,A,1.113035894
4QTJ,R65A,A,1.113035894
4QTJ,S73A,A,0.070512687
4QTJ,S75A,A,1.113035894
4QTJ,R76A,A,1.113035894
4QTJ,I77A,A,-0.019027588
4QTJ,L82A,A,1.113035894
4QTJ,T208A,A,0.257785431
4QTJ,T210A,A,0.553931715
4K4G,R517A,A,2.455311705
4L0Z,F194A,A,1.271671513
4L0Z,L198A,A,1.369296406
4L0Z,L201A,A,1.341661986
3NCI,L415A,A,-2.9684863
3NCI,L561A,A,-0.090603341
3NCI,Y567A,A,-0.74025334
4M9E,E446A,A,-1.35040394
5DET,F27A,A,5
5DET,F65A,A,5
4QVD,N28A,D,-0.01610248
4QVD,K31A,D,0.993018368
4QVD,N48A,D,-1.641417726
4QVC,N48A,D,-0.158150396
4QVC,N28A,D,1.018862666
4QVC,K31A,D,4.015490482
4R8I,R18A,A,1.459718023
4R8I,K19A,A,4.960178312
4R8I,R24A,A,5.388850944
3U4M,T217A,A,2.493572228
4RCJ,R506A,A,1.307671574
4RCJ,W411A,A,5
4RCJ,W465A,A,5
4RCJ,W470A,A,5
4RCJ,Y397A,A,5
4R3I,R475A,A,2.757178827
4R3I,W377A,A,5
4R3I,W428A,A,5
4V4F,K37A,U,3.804036726
4OI0,P122A,A,0.31440895
4OI0,D124A,A,1.62166631
4OI0,T230A,A,0.827215169
4OI0,D235A,A,0.469387845
4OOG,R450A,C,1.077041995
4OOG,P449A,C,1.077041995
4OOG,R445A,C,1.077041995
4OOG,Q373A,C,0.213788303
4OOG,K392A,C,1.015354168
4NGD,W1014A,A,0.5365754
4NGD,Y926A,A,2.15339766
4NHA,H982A,A,1.048191051
4NM6,N1387A,A,-0.294942647
4NM6,Y1902A,A,-0.332525412
4GZN,E182A,C,-0.170230009
3NGI,D714A,A,-0.031451973
4HQB,W66A,A,1.568611241
4BXO,K24A,B,1.456845964
4BXO,R1866A,A,1.773185
4L5R,N236A,C,0.125037854
4L5R,K104A,C,0.33609299
4L5R,K241A,C,0.033822328
4HF1,S40A,A,1.362507847
4HF1,Y41A,A,1.698600836
4HF1,E43A,A,0.152565126
4HF1,Q44A,A,0.715896958
4HF1,R59A,A,1.976715914
4BNC,D387A,A,-0.274075343
4BNC,R391A,A,2.237891407
4BNC,R394A,A,4.1047874
3GPX,F114A,A,-0.655249431
3GPX,M77A,A,0.068894764
4G4O,F114A,A,-0.368946239
4G4R,M77A,A,0.236455157
4HN5,K442A,A,1.573234153
4B5F,R208A,A,0.236424353
4B5F,N207A,A,-0.06643189
4ALP,W39A,A,2.367325882
4ALP,F48A,A,2.569778366
4ALP,F66A,A,2.505962455
4ALP,H68A,A,1.945052746
4ALP,F77A,A,2.392086154
3VOK,E70A,A,0.239925722
1BPX,N279A,A,2.089193475
1BPX,Y271A,A,-1.998330065
1BPX,R283A,A,0.235095249
1BPX,N294A,A,0.736831074
1BPX,E295A,A,0.982703878
1BPX,K280A,A,0.680433216
1BPX,R183A,A,0.670487946
1BPX,R149A,A,1.090588947
1BPX,S180A,A,1.516068313
1BPX,S188A,A,-0.207932545
4DQI,E658A,A,-0.424588877
4DU1,Y567A,A,0.06234494
4DU3,Y567A,A,-1.634426746
3RN2,K160A,A,0.338062142
3RN2,K198A,A,0.017152785
3RN2,K204A,A,0.383456632
3RN2,R244A,A,0.427308516
3RN2,K251A,A,0.576018712
3RN2,K309A,A,0.535193585
3RN2,R311A,A,0.065815505
3RN2,K335A,A,0.21625338
3RN2,F165A,A,0.948861075
3RN5,K251A,A,0.005259854
3RNU,K627A,A,0.551783573
3QNO,Y567A,A,-1.477395715
3QNN,Y567A,A,-2.492440744
4A15,R59A,A,1.088645663
4A15,E107A,A,1.117222659
4A15,F133A,A,1.038837119
4A15,Y166A,A,0.512354953
4A15,K170A,A,2.100190774
4A15,F326A,A,1.346779887
3SQ2,Y567A,A,-0.708636493
3TMM,T77A,A,0.139878246
3TMM,Y162A,A,0.424767082
3SPD,C130A,A,1.143059242
3SPD,H138A,A,0.564013773
3SPD,S142A,A,0.816828641
3SZQ,F65A,A,0.674237037
3OSG,K49A,A,3.120438353
3OSG,K51A,A,2.333915515
3OSG,R84A,A,5
3OSG,R87A,A,2.91638115
3OSG,K138A,A,2.00300862
3OSG,N139A,A,2.575713472
3OSG,F52A,A,3.332347694
3OSF,K49A,A,2.47
3OSF,K51A,A,2
3OSF,R84A,A,3.92
3OSF,R87A,A,2.37
3OSF,K138A,A,2.46
3OSF,N139A,A,2.28
3OSF,F52A,A,2.81
3PVV,K436A,A,2.919401286
3QMG,Q201A,A,5
3QMG,R213A,A,2.328232953
3QMG,Y216A,A,0.677608725
3NH0,E73A,A,-0.030204181
1YQR,C253A,A,-0.036995148
3OD8,R18A,A,1.61438811
3OD8,R34A,A,1.61438811
3OD8,F44A,A,1.61438811
3OD8,V48A,A,0.976024458
3OD8,Q40A,A,0.411663323
3OD8,D45A,A,0.035162599
3ODC,R122A,A,2.597579963
3ODC,R138A,A,3.267212078
3ODC,L151A,A,0.756938321
3ODC,I154A,A,1.925774793
4NKU,D160A,A,-0.147520789
4NKU,N165A,A,0.035055741
4MDX,R25A,A,2.333068465
4MDX,K53A,A,2.489694894
4MDX,S73A,A,2.725015693
4MDX,E78A,A,3.809408462
4HT8,Y25A,A,4.183952577
3QSU,K33A,A,1.778802469
4ED5,N21A,A,0.641854692
4ED5,T90A,A,0.665062751
4ED5,R97A,A,1.493847813
4ED5,R136A,A,0.962764049
4ED5,R147A,A,0.865786748
2XS2,P39A,A,0.821085471
3RW6,E151A,A,0.376333404
2Y8W,N102A,A,0.434311315
2Y8W,S34A,A,0.016212785
2Y8W,E38A,A,0.35866852
2Y8W,E24A,A,1.097398339
2Y8W,R27A,A,-0.148710196
3K5Y,R288A,A,1.026414857
3K5Y,H454A,A,1.230467194
1AAY,D120A,A,-0.3
1AAY,E121A,A,0.2
1AAY,R118A,A,2.7
1AAY,R124A,A,3.54
1AIS,E12A,A,-1
1AIS,D101A,A,-0.36
1AIS,Q103A,A,-0.88
1AIS,E128A,A,-0.33
1AUD,F55A,A,5495
1AUD,G52A,A,2.9
1AUD,K49A,A,1.45
1AUD,M50A,A,1.1
1AUD,Q53A,A,4.85
1AUD,S90A,A,2.2
1AZ0,D90A,A,-2.89
1AZ0,K38A,A,0.7
1B3T,R469A,A,3.41
1B3T,R522A,A,4.4
1B3T,Y518A,A,2.62
1BHM,E111A,A,-3.3
1C9S,D39A,L,-0.8
1C9S,E36A,L,3.74
1C9S,K37A,L,3.03
1C9S,K56A,L,2.2
1C9S,R58A,L,2
1CKT,F37A,A,0.4
1ECR,K89A,A,0.23
1ECR,Q250A,A,45
1ECR,R198A,A,1105
1EVW,L116A,A,5.05
1EWQ,E41A,A,-0.32
1J5N,F48A,A,0.4
1J5N,K22A,A,0.7
1J5N,K53A,A,0.5
1J5N,K54A,A,0
1J5N,K58A,A,0
1J5N,K60A,A,0.4
1J5N,K67A,A,0.3
1J5N,K78A,A,0.4
1J5N,K85A,A,0.2
1J5N,M29A,A,0.5
1J5N,N33A,A,0.7
1J5N,P18A,A,0.4
1J5N,R23A,A,0.6
1J5N,R36A,A,0.8
1J5N,R40A,A,0.7
1J5N,Y28A,A,0.9
1J5N,Y81A,A,0.2
1J5N,Y88A,A,0.4
1JMC,E277A,A,1.4
1JMC,K263A,A,1
1JMC,R234A,A,2.1
1JMC,R382A,A,1.9
1JMC,F238A,A,0.2
1JMC,W361A,A,1.1
1KLN,D63A,A,-1.7
1KLN,K78A,A,0.5
1KLN,R20A,A,1.03
1KLN,R70A,A,-0.09
1KLN,R81A,A,-0.0175
1KLN,Y77A,A,0.02
1KLN,D116A,A,-0.26
1KLN,D140A,A,-0.01
1KLN,D185A,A,-1.91
1KLN,D188A,A,-0.71
1KLN,E113A,A,-0.32
1KXL,F44A,A,2.8
1KXL,I83A,A,2.3
1KXL,K41A,A,1.1
1KXL,K73A,A,1.2
1KXL,K81A,A,0.6
1KXL,Y27A,A,3.6
1KXL,Y61A,A,2.8
1KXL,Y63A,A,2.6
1KXL,Y66A,A,4
1KXL,Y70A,A,1.7
1KXL,Y85A,A,3.6
1KXL,I138A,A,3.6
1KXL,K134A,A,1
1KXL,N136A,A,1
1KXL,R140A,A,3.5
1KXL,Y131A,A,2.8
1LBG,H74A,A,1.9
1LBG,D278A,A,-0.8
1LBG,V52A,A,-2.88
1LBG,D149A,A,0.2
1LBG,S193A,A,0.1
1LBG,L251A,A,4.6
1MHT,C81A,A,-0.1
1MHT,F84A,A,-0.3
1MHT,W41A,A,-0.25
1MHT,D128A,A,0.8
1MHT,E119A,A,1.166666667
1MHT,F124A,A,0.71
1MHT,G130A,A,0.9
1MHT,H127A,A,0.7
1MHT,N129A,A,0.8
1MHT,N131A,A,0.6
1MHT,V121A,A,3.74
1MHT,T132A,A,0.5
1MHT,R165A,A,-0.5
1MSE,E141A,C,-0.1
1MSE,N139A,C,0.2
1MSE,P140A,C,0.9
1MSE,S187A,C,0.1
1PNR,K55A,A,3.44
1QFQ,R7A,B,3.11
1QRV,L9A,A,0.65
1QRV,M13A,A,1.1
1QRV,V32A,A,0.05
1QZG,D64A,A,1.46
1QZG,F88A,A,3.96
1QZG,L122A,A,3.14
1QZG,S123A,A,0.66
1QZG,Y115A,A,1.26
1QZG,T62A,A,1.53
1QZG,Q91A,A,1
1QZG,V97A,A,1.1
1RUN,Y99A,A,-0.19
1RUN,D138A,A,2.06
1RUN,E181A,A,1.2
1TN9,R5A,A,0.75
1TN9,F38A,A,-0.3
1TN9,K21A,A,0.7
1TN9,K28A,A,1.36
1TN9,K54A,A,1.33
1TN9,L26A,A,-0.2
1TN9,R20A,A,0.43
1TN9,R24A,A,1.22
1TN9,R55A,A,1.17
1TN9,S18A,A,-0.2
1TN9,T15A,A,0.04
1TN9,W42A,A,0.44
1TN9,Y40A,A,1.51
1VS5,Q8A,G,0.766666667
1VS5,Y84A,G,0.25
1VS5,M143A,G,0.32
2A0I,R8A,A,1.7
2A0I,S3A,A,4.15
2A0I,D19A,A,-0.3
2A0I,D21A,A,0.1
2A0I,K88A,A,5.57
2A0I,N22A,A,0.5
2A0I,D147A,A,0.3
2A0I,E153A,A,1.7
2A0I,E187A,A,2.1
2A0I,H221A,A,2.82
2A0I,I241A,A,3.91
2A0I,K220A,A,0.8
2A0I,K265A,A,1.8
2A0I,M223A,A,2.7
2A0I,Q155A,A,2.2
2A0I,R150A,A,2.92
2A0I,R237A,A,4.39
2A0I,R242A,A,1.2
2A0I,R254A,A,3.17
2A0I,S149A,A,3.41
2A0I,T148A,A,0.3
2A0I,T158A,A,0.9
2BPF,N279A,A,1314
2BPF,R283A,A,-0.2
2BPF,Y271A,A,-1041
2BPF,E295A,A,0.615714286
2BPF,K280A,A,0.303333333
2BPF,N294A,A,0.231428571
2BPF,R149A,A,1.006666667
2BPF,R183A,A,0.47125
2BPF,R283A,A,0.261666667
2BPF,S180A,A,955
2BPF,S188A,A,0.533333333
2ERR,F126A,A,4.31
2ERR,F158A,A,3.87
2ERR,F160A,A,6.08
2ERR,H120A,A,2.98
2G1P,D181A,A,-0.09
2G1P,S188A,A,0.38
2G1P,T190A,A,-0.33
2G1P,Y184A,A,-0.17
2VYE,K50A,A,1.98
2VYE,R117A,A,2
2VYE,R120A,A,2.1
2VYE,R145A,A,1.97
2VYE,R330A,A,3.45
2VYE,R332A,A,2.88
2VYE,R344A,A,3.46
5TWP,H329A,A,0.386944887
5TWP,G433A,A,-0.156900881
5TWP,W434A,A,0.525941916
5XFQ,Y47A,A,5
5XFR,Y62A,A,5
5T5C,R314A,A,-1.060237185
5U8G,M236A,A,-0.285806882
5U2R,R283A,A,2.49674034
5WVW,L28A,A,2.636998714
5SZX,S186,A,7.58E-01
5DWB,Q86A,A,0.965357686
5DWB,D142A,A,0.58038574
5DWB,D178A,A,0.06234494
5DWB,S138A,A,0.170230009
5DWB,D177A,A,1.82002722
5DWB,D223A,A,0.170230009
5KUB,D113A,A,-0.091215526
5KUB,W187A,A,-0.187382794
5KUB,W109A,A,0.267452994
5III,E529A,A,0.164282927
5FD3,Y536A,A,5
5FD3,Y610A,A,5
5.00E+24,L235A,B,2.041459886
5.00E+24,F237A,B,2.921999186
5.00E+24,L245A,B,0.952352115
5.00E+24,L247A,B,1.362507847
5.00E+24,W258A,B,1.470392916
5.00E+24,L445A,E,1.192277838
5.00E+24,L514A,E,0.650081453
5.00E+24,L434A,E,0
5.00E+24,L436A,E,0
5.00E+24,V479A,E,0
5.00E+24,I482A,E,-0.410155731
5.00E+24,F516A,E,-0.410155731
5.00E+24,Y518A,E,-0.410155731
5AWH,K506A,A,4.163114312
5D8C,C54A,A,0.760439931
5ED4,Y205A,A,0.075149481
5F55,Y80A,A,0.544189207
5F55,Y114A,A,0.814091354
5F55,R109A,A,0.337743423
5F55,S371A,A,0.08729589
5F55,R373A,A,0.81443565
5F55,R393A,A,0.095310483
5F55,H397A,A,0.763647066
4XQ8,L431A,B,-0.917534448
4XQ8,Y505A,B,1.64286009
5EXH,T80A,C,-0.029027982
5EXH,H81A,C,5
5EXH,Q82A,C,0.137055341
5EXH,K88A,C,0.615518074
5CO8,D38A,C,-0.128210674
5CO8,D79A,C,-0.157558655
5CO8,E120A,C,-0.100249742
5CO8,E122A,C,-0.304837823
5CO8,D141A,C,0.154657278
5CO8,D143A,C,-0.048004389
4WCG,R258A,A,0.158872086
5DFF,R181A,A,0.70047293
4ZSF,K85A,A,2.584756441
4ZSF,D145A,A,1.04647541
4ZSF,D175A,A,0.439997162
4ZSF,E128A,A,-0.166163123
4ZSF,R130A,A,0.175309265
4ZSF,R259A,A,-0.219865169
4ZSF,W262A,A,-0.042284387
4X5V,N513A,A,0.424767082
5W1H,W325A,A,-0.743233666
5W1H,H328A,A,0.04289201
5W1H,K435A,A,-0.246422333
5W1H,K1305A,A,0.413847487
5W1H,K1320A,A,-0.118608327
5WWW,T268A,A,1.048124125
5WWW,R271A,A,0.855743445
5WWX,K350A,A,0.988705053
5WWX,T362A,A,1.46258688
5WWX,R365A,A,1.239022229
5EIM,R349A,A,0.952352115
5EIM,K436A,A,5
5EIM,T437A,A,1.584225066
5EIM,N477A,A,5
5UDZ,H148A,A,0.650081453
5UDZ,H162A,A,0.842405269
5UDZ,Y140A,A,0.884262182
5UDZ,I167A,A,0.0463733
5M0J,R342A,J,0.70004302
5M3H,R633A,A,0.814806016
5H1K,M357A,A,2.082285013
5H1K,Y15A,A,2.017499948
5H1K,W14A,A,3.051915134
5H1K,R359A,A,3.117401933
5H1K,N13A,A,1.039325834
5H1K,R33A,A,1.541912142
5GXH,W14A,A,2.170361383
5GXH,Y15A,A,1.192277838
5GXH,E197A,A,1.664778509
5GXH,F381A,A,2.157635524
5GXH,Y474A,A,0.024155584
5DNO,R331A,A,0.865602495
5DNO,S333A,A,1.565438421
5DNO,N336A,A,1.77934986
5DNO,K436A,A,2.28733269
5DNO,N477A,A,1.76590088
5DNO,R338A,A,1.824150789
5ELK,Y216A,A,0.449185016
5ELH,F149A,A,0.183527864
5ELH,N143A,A,-0.056397858
5ELK,F316A,A,1.685913957
5ELK,R310A,A,1.602433569
5JBJ,H406A,A,0.023374766
1ASY,D210A,A,1.41
1ASY,E188A,A,1.56
1ASY,E202A,A,1
1ASY,E327A,A,-0.24
1ASY,F127A,A,2.09
1ASY,H334A,A,1.29
1ASY,K142A,A,0.86
1ASY,K155A,A,0.76
1ASY,K180A,A,1.52
1ASY,K553A,A,1.31
1ASY,N117A,A,0.88
1ASY,N227A,A,0.81
1ASY,N328A,A,0.61
1ASY,Q121A,A,1.3
1ASY,Q138A,A,1.42
1ASY,R119A,A,1.29
1ASY,S181A,A,1.05
1ASY,S301A,A,0.3
1ASY,S329A,A,0.81
1ASY,S423A,A,-0.11
1ASY,T124A,A,0.84
1ASY,T230A,A,1.41
1ASY,T331A,A,1.11
1ASY,T424A,A,0.81
1ASY,S280A,A,0
1ASY,Q300A,A,-0.11
1ASY,F304A,A,0
1ASY,K293A,A,1.45
1ASY,K428A,A,0.84
1JBS,D143A,A,-0.52
1JBS,D40A,A,0.21
1JBS,H49A,A,0.84
1JBS,K110A,A,1.44
1JBS,K111A,A,1.81
1JBS,K113A,A,0.73
1JBS,K42A,A,0.27
1JBS,Q141A,A,0.42
1JBS,R65A,A,0.51
1JBS,T52A,A,0.85
1JBS,F51A,A,0.32
1U0B,N351A,B,1.77
1YVP,K136A,A,-0.04
1YVP,R184A,A,0.94
2BX2,R373A,L,-0.3
2BX2,F57A,L,0.45
2BX2,F67A,L,0.71
2IX1,E390A,A,0.15
2IX1,E542A,A,-1.35
2IX1,F358A,A,0.22
2IX1,R500A,A,0.27
2IX1,Y253A,A,0.88
2IX1,Y313A,A,0.51
2PJP,R510A,A,3.59
2PJP,V509A,A,1.41
2PJP,W508A,A,4.03
2PJP,D511A,A,2.04
2ZI0,P41A,A,1.31
2ZI0,W50A,A,0.86
2ZKO,R37A,A,-0.03
2ZKO,S42A,A,1.29
2ZKO,T49A,A,1.23
2ZKO,R44A,A,0.78
2ZZM,K318A,A,0.28
2ZZM,N265A,A,0.08
2ZZM,P267A,A,0.08
2ZZM,R145A,A,0.22
2ZZM,R181A,A,0.15
2ZZM,Y177A,A,0.28
2ZZM,R186A,A,0.34
2ZZM,D223A,A,0.22
2ZZM,K137A,A,0.52
3EQT,E573A,A,1.71
3MOJ,G423A,B,0.38
3MOJ,Y407A,B,0.45
1A4Y,W261,A,0.1
1A4Y,W263,A,1.2
1A4Y,S289,A,0
1A4Y,W318,A,1.5
1A4Y,K320,A,-0.3
1A4Y,E344,A,0.2
1A4Y,W375,A,1
1A4Y,E401,A,0.9
1A4Y,Y434,A,3.3
1A4Y,D435,A,3.5
1A4Y,Y437,A,0.8
1A4Y,I459,A,0.7
1A4Y,R5,B,2.3
1A4Y,H8,B,0.9
1A4Y,Q12,B,0.3
1A4Y,R31,B,0.2
1A4Y,R32,B,0.9
1A4Y,N68,B,0.2
1A4Y,H84,B,0.2
1A4Y,W89,B,0.2
1A4Y,E108,B,-0.3
1A4Y,H114,B,0.65
1AHW,Y156,C,4
1AHW,T167,C,0
1AHW,T170,C,1
1AHW,V198,C,-0.3
1BRS,K27,A,5.4
1BRS,N58,A,3.1
1BRS,R59,A,5.2
1BRS,E60,A,-0.2
1BRS,R83,A,5.4
1BRS,R87,A,5.5
1BRS,H102,A,6.1
1BRS,Y29,D,3.4
1BRS,D35,D,4.5
1BRS,D39,D,7.7
1BRS,T42,D,1.8
1BRS,E76,D,1.3
1BXI,C23,A,0.92
1BXI,N24,A,0.14
1BXI,T27,A,0.73
1BXI,S28,A,0.17
1BXI,S29,A,0.96
1BXI,E30,A,1.41
1BXI,L33,A,3.42
1BXI,V34,A,2.58
1BXI,V37,A,1.66
1BXI,T38,A,0.9
1BXI,E41,A,2.08
1BXI,S48,A,0.01
1BXI,S50,A,2.19
1BXI,D51,A,5.92
1BXI,I53,A,0.85
1BXI,Y54,A,4.83
1BXI,Y55,A,4.63
1CBW,T11,D,0.2
1CBW,K15,D,2
1CBW,R17,D,0.5
1CBW,R39,D,0.2
1DAN,L39,L,0
1DAN,K62,L,0
1DAN,Q64,L,0.8
1DAN,I69,L,1.9
1DAN,F71,L,1.2
1DAN,L73,L,0
1DAN,E77,L,0
1DAN,R79,L,1.2
1DAN,Q88,L,0
1DAN,V92,L,0
1DAN,N93,L,0
1DAN,E94,L,0
1DAN,H115,L,0
1DAN,T17,T,0.1
1DAN,K20,T,2.6
1DAN,I22,T,0.7
1DAN,E24,T,0.7
1DAN,Q37,T,0.55
1DAN,K41,T,0.35
1DAN,S42,T,-0.1
1DAN,D44,T,0.7
1DAN,W45,T,1.6
1DAN,S47,T,0.05
1DAN,K48,T,0.4
1DAN,F50,T,0.4
1DAN,D58,T,2.18
1DAN,D61,T,0.24
1DAN,F76,T,1.2
1DAN,Y94,U,1
1DAN,Q110,U,1.4
1DAN,E128,U,0.1
1DAN,R131,U,0
1DAN,T132,U,0
1DAN,L133,U,0
1DAN,R135,U,0.55
1DAN,F140,U,1.5
1DAN,S163,U,0
1DAN,T203,U,0.1
1DAN,V207,U,-0.2
1DAN,E208,U,0
1DVF,H30,A,1.7
1DVF,Y32,A,2
1DVF,Y49,A,1.7
1DVF,Y50,A,0.7
1DVF,W92,A,0.3
1DVF,T30,B,0.9
1DVF,Y32,B,1.8
1DVF,W52,B,4.2
1DVF,D54,B,4.3
1DVF,N56,B,1.2
1DVF,D58,B,1.6
1DVF,E98,B,4.2
1DVF,R99,B,1.9
1DVF,D100,B,2.8
1DVF,Y101,B,4
1DVF,K30,D,0.9
1DVF,H33,D,1.9
1DVF,I97,D,2.7
1DVF,Y98,D,4.7
1DVF,Q100,D,1.6
1DX5,F34,M,2.6
1DX5,Q38,M,1.4
1DX5,R67,M,3.4
1DX5,T74,M,0.8
1DX5,R75,M,0.7
1DX5,Y76,M,3
1DX5,K81,M,1
1DX5,I82,M,2.6
1DX5,M84,M,0.3
1DX5,K110,M,0
1GC1,Q25,C,0.03
1GC1,H27,C,0.28
1GC1,K29,C,0.59
1GC1,N32,C,0.18
1GC1,Q33,C,0.1
1GC1,K35,C,0.32
1GC1,Q40,C,-0.41
1GC1,S42,C,0
1GC1,L44,C,1.04
1GC1,T45,C,-0.15
1GC1,N52,C,0.7
1GC1,R59,C,1.16
1GC1,S60,C,-0.09
1GC1,D63,C,-0.32
1GC1,Q64,C,0.44
1JTG,E104,A,1.55
1JTG,Y105,A,-0.17
1JTG,S130,A,0.8
1JTG,K234,A,1.4
1JTG,S235,A,1.3
1JTG,R243,A,1.4
1JTG,D49,B,1.8
1JTG,K74,B,3.56
1JTG,F142,B,2.1
1JTG,Y143,B,0.38
1NMB,D56,H,2.8
1NMB,Y99,H,1.5
1NMB,Y100,H,0.5
1NMB,Y32,L,1.7
1NMB,T93,L,0.3
1NMB,L94,L,0.9
1VFB,W52,B,1.23
1VFB,D58,B,-0.2
1VFB,E98,B,1.1
1VFB,Y101,B,4
3HFM,S31,H,0.2
3HFM,D32,H,2
3HFM,Y33,H,6
3HFM,Y50,H,7.5
3HFM,Y53,H,3.29
3HFM,Y58,H,1.7
3HFM,N31,L,5.25
3HFM,N32,L,5.2
3HFM,Y50,L,4.6
3HFM,Q53,L,1
3HFM,Y96,L,2.8
3HFM,H15,Y,-0.44
3HFM,Y20,Y,5
3HFM,R21,Y,1
3HFM,W63,Y,0.31
3HFM,R73,Y,-0.2
3HFM,L75,Y,1.25
3HFM,T89,Y,0
3HFM,N93,Y,0.6
3HFM,K96,Y,7
3HFM,K97,Y,6
3HFM,I98,Y,0
3HFM,S100,Y,0.26
3HFM,D101,Y,0.94
3HHR,I4,A,0.41
3HHR,R8,A,0.2
3HHR,L9,A,-0.04
3HHR,N12,A,0.1
3HHR,L15,A,0.15
3HHR,R16,A,0.24
3HHR,H18,A,-0.5
3HHR,H21,A,0.2
3HHR,Q22,A,-0.2
3HHR,F25,A,-0.4
3HHR,Y42,A,0.2
3HHR,L45,A,1.2
3HHR,Q46,A,0.1
3HHR,S62,A,0.2
3HHR,N63,A,0.3
3HHR,R64,A,1.6
3HHR,Q68,A,0.6
3HHR,Y164,A,0.3
3HHR,R167,A,0.3
3HHR,K168,A,-0.2
3HHR,D171,A,0.8
3HHR,K172,A,2
3HHR,E174,A,-0.9
3HHR,T175,A,2
3HHR,R178,A,2.4
3HHR,I179,A,0.8
3HHR,C182,A,1.01
3HHR,R43,B,2.2
3HHR,E44,B,1.8
3HHR,W76,B,0.6
3HHR,T77,B,-0.25
3HHR,S102,B,-0.2
3HHR,I103,B,1.8
3HHR,W104,B,4.5
3HHR,I105,B,2
3HHR,C108,B,0
3HHR,E120,B,-0.2
3HHR,K121,B,0.1
3HHR,C122,B,0
3HHR,D126,B,1
3HHR,E127,B,1
3HHR,D164,B,1.6
3HHR,I165,B,2.2
3HHR,Q166,B,0
3HHR,K167,B,0
3HHR,W169,B,4.5
3HHR,R217,B,0.2
3HHR,N218,B,0.3
1CDL,F12,A,N
1CDL,F19,A,W
1CDL,F92,A,S
1CDL,K799,E,N
1CDL,W800,E,S
1CDL,K802,E,I
1CDL,R808,E,I
1CDL,I810,E,S
1CDL,L813,E,S
1DDM,I144,A,S
1DDM,E145,A,S
1DDM,K146,A,I
1DDM,S148,A,N
1DDM,C150,A,S
1DDM,R165,A,I
1DDM,C198,A,S
1DDM,F2,B,I
1DDM,S3,B,S
1DDM,N4,B,S
1DDM,M5,B,S
1DDM,S6,B,S
1DDM,F7,B,S
1DDM,E8,B,W
1DDM,F10,B,W
1DFJ,K7,E,S
1DVA,L32,H,S
1DVA,L34,H,S
1DVA,N37,H,N
1DVA,I65,H,N
1DVA,V67,H,N
1DVA,E70,H,W
1DVA,L73,H,N
1DVA,S74,H,N
1DVA,E75,H,N
1DVA,H76,H,S
1DVA,E80,H,N
1DVA,S82,H,N
1DVA,L144,H,N
1DVA,L153,H,W
1DVA,L2,X,S
1DVA,R7,X,W
1DVA,V8,X,I
1DVA,D9,X,I
1DVA,W11,X,S
1DVA,Y12,X,S
1DVA,F15,X,S
1DZI,N154,A,I
1DZI,Y157,A,S
1DZI,Q215,A,S
1DZI,D219,A,I
1DZI,L220,A,N
1DZI,T221,A,S
1DZI,E256,A,N
1DZI,H258,A,I
1EBP,F93,A,S
1EBP,M150,A,S
1EBP,T151,A,W
1EBP,F205,A,S
1EBP,L11,C,N
1EBP,T12,C,I
1EBP,W13,C,S
1ES7,F49,A,I
1FCC,E27,C,S
1FCC,K28,C,W
1FCC,K31,C,S
1FCC,N35,C,I
1FCC,D40,C,N
1FCC,E42,C,N
1FCC,W43,C,S
1FOE,S41,B,I
1GL4,R403,A,I
1GL4,D427,A,S
1GL4,H429,A,S
1GL4,Y431,A,S
1GL4,Y440,A,I
1GL4,E616,A,S
1GL4,R620,A,S
1JAT,E55,A,S
1JAT,F8,B,S
1K4U,R368,P,S
1K4U,L373,P,W
1K4U,I374,P,S
1K4U,R377,P,W
1K4U,T382,P,I
1LQB,M561,D,N
1LQB,L562,D,N
1MQ8,T206,B,S
1NFI,Y181,F,S
1NFI,C215,F,N
1UB4,F453,C,N
1UB4,L455,C,S
1UB4,L458,C,S
2HHB,Y35,D,N
2NMB,M99,A,S
2NMB,C150,A,S
2NMB,Y2,B,I
2NMB,I3,B,I
3SAK,E8,A,W
3SAK,F10,A,S
3SAK,T11,A,I
3SAK,L12,A,S
3SAK,Q13,A,W
3SAK,I14,A,S
3SAK,R15,A,I
3SAK,R17,A,W
3SAK,R19,A,S
3SAK,F20,A,S
3SAK,F23,A,S
3SAK,L26,A,S
3SAK,N27,A,I
3SAK,L30,A,S
3SAK,D34,A,W
1CDL,G804,E,S
1CDL,G811,E,I
1CDL,R812,E,S
1DVA,G38,H,I
1DVA,A1,X,N
1DVA,D5,X,W
1DVA,Q14,X,N
1DVA,V16,X,N
1DX5,I24,N,N
1DX5,F34,N,I
1DX5,K36,N,W
1DX5,P37,N,W
1DX5,Q38,N,W
1DX5,E39,N,N
1DX5,L65,N,W
1DX5,R67,N,S
1DX5,E80,N,S
1DX5,K81,N,W
1DX5,I82,N,I
1DX5,M84,N,N
1DX5,K110,N,N
1DX5,K235,N,N
1EBP,G9,C,I
1EBP,P10,C,I
1ES7,V26,A,I
1ES7,W31,A,S
1ES7,P50,A,I
1FAK,Q37,T,W
1FAK,K41,T,N
1FAK,S42,T,N
1FAK,D44,T,W
1FAK,Y94,T,W
1FAK,K15,T,N
1FAK,T17,T,N
1FAK,N18,T,N
1FAK,K20,T,S
1FAK,I22,T,W
1FAK,E24,T,W
1FAK,S47,T,N
1FAK,S48,T,N
1FAK,F50,T,N
1FAK,D58,T,S
1FAK,E128,T,N
1FAK,L133,T,N
1FAK,R135,T,N
1FAK,F140,T,I
1FAK,T203,T,N
1FAK,V207,T,N
1FE8,R963,A,N
1FE8,E987,A,N
1FE8,H990,A,N
1FE8,H1023,A,N
1FOE,G54,B,S
1G3I,D438,A,S
1G3I,L439,A,S
1G3I,R441,A,S
1G3I,F442,A,S
1G3I,I443,A,S
1G3I,L444,A,S
1IHB,N101,B,N
1IHB,R133,B,W
1IHB,H135,B,W
1IHB,K136,B,I
1JPP,K345,B,S
1JPP,K354,B,N
1JPP,W383,B,S
1JPP,R386,B,I
1JPP,K435,B,I
1JPP,R469,B,I
1JPP,H470,B,I
1NUN,D76,A,I
1NUN,R78,A,I
1NUN,R155,A,I
1A22,3T,A,0.05
1A22,7S,A,0.34
1A22,8R,A,0.2
1A22,9L,A,0.04
1A22,12N,A,0.1
1A22,14M,A,0
1A22,15L,A,0.15
1A22,16R,A,0.238
1A22,19R,A,0.051
1A22,21H,A,0.155
1A22,22Q,A,0.22
1A22,25F,A,0.229
1A22,26D,A,0.211
1A22,42Y,A,0.221
1A22,46Q,A,0.191
1A22,51S,A,0.348
1A22,55S,A,0.11
1A22,57S,A,0.2
1A22,59P,A,0.38
1A22,62S,A,0.155
1A22,63N,A,0.314
1A22,69Q,A,0.05
1A22,73L,A,0.2
1A22,153Y,A,0.348
1A22,156R,A,0.278
1A22,157K,A,0.155
1A22,161K,A,2.014
1A22,167R,A,2.424
1A22,169V,A,0
1A22,170Q,A,0.27
1A22,173S,A,0.05
1A22,175E,A,0.012
1A22,176G,A,0.34
1A22,177S,A,0.2
1A22,180F,A,0.191
1A22,2K,B,0.24
1A22,5K,B,0.24
1A22,7R,B,0.269
1A22,9P,B,0.26
1A22,15S,B,0.015
1A22,19T,B,0.07
1A22,31N,B,0.011
1A22,32T,B,0.077
1A22,33Q,B,0.194
1A22,34E,B,0.172
1A22,36T,B,0.025
1A22,38E,B,0.079
1A22,39W,B,0.05
1A22,40K,B,0.144
1A22,50E,B,0.178
1A22,54Y,B,0.199
1A22,56N,B,0.255
1A22,57S,B,0.161
1A22,59F,B,0.015
1A22,61S,B,0.028
1A22,65P,B,2.965
1A22,67C,B,0
1A22,69K,B,0.043
1A22,78D,B,0.21
1A22,79E,B,0.057
1A22,80K,B,0.13
1A22,81C,B,0
1A22,83S,B,0.237
1A22,88V,B,0.046
1A22,89Q,B,0.03
1A22,107D,B,0.314
1A22,111R,B,0.314
1A22,113E,B,0.314
1A22,116R,B,0.062
1A22,120I,B,2.164
1A22,121Q,B,0.009
1A22,122K,B,0.027
1A22,128E,B,0.083
1A22,130E,B,0.079
1A22,134K,B,0
1A22,135E,B,0.199
1A22,138E,B,0.12
1A22,140K,B,0.12
1A22,142K,B,0.12
1A22,145D,B,0.12
1A22,149T,B,0.202
1A22,150T,B,0.097
1A22,166R,B,0.056
1A22,168R,B,0.19
1A22,172R,B,0.268
1A22,173N,B,0.298
1A22,174S,B,0.034
1A22,179E,B,0.108
1A4Y,5R,B,6.936
1A4Y,12Q,B,0.3
1A4Y,13H,B,0.297
1A4Y,31R,B,0.25
1A4Y,33R,B,0.327
1A4Y,66R,B,0.203
1A4Y,68N,B,0.118
1A4Y,70R,B,0.232
1A4Y,84H,B,0.17
1A4Y,89W,B,0.24
1A4Y,108E,B,0.323
1A4Y,261W,A,0.101
1A4Y,287E,A,0.101
1A4Y,289S,A,0.042
1A4Y,320K,A,0.31
1A4Y,344E,A,0.179
1A4Y,430Q,A,0.072
1A4Y,432V,A,0.072
1A4Y,434Y,A,7.207
1A4Y,435D,A,6.248
1A4Y,437Y,A,6.315
1A4Y,457R,A,0.224
1AHW,156T,C,0.074
1AHW,187V,C,0.314
1AK4,85P,D,2.449
1AK4,86V,D,2.355
1AK4,87H,D,2.373
1AK4,89G,D,3.44
1AK4,90P,D,3.535
1AK4,93P,D,2.046
1BRS,25K,A,6.484
1BRS,56N,A,3.089
1BRS,57R,A,6.526
1BRS,58E,A,0.094
1BRS,71E,A,4.135
1BRS,85R,A,6.723
1BRS,100H,A,6.935
1BRS,29Y,D,7.141
1BRS,35D,D,6.575
1BRS,39D,D,7.666
1BRS,42T,D,5.941
1BRS,74E,D,4.673
1BRS,78E,D,4.327
1CBW,11T,I,0.22
1CBW,13P,I,0.056
1CBW,15K,I,2.091
1CBW,19I,I,0.141
1CBW,20R,I,0.35
1CBW,33F,I,0.141
1CBW,34V,I,0.051
1CBW,39R,I,0.22
1CBW,46K,I,0.141
1CHO,10K,I,0.179
1CHO,11P,I,0.375
1CHO,14T,I,4.179
1CHO,15L,I,6.271
1CHO,16E,I,2.301
1CHO,17Y,I,2.508
1CHO,18R,I,3.147
1CHO,39V,I,5.095
1DAN,10K,T,0.397
1DAN,11S,T,0.13
1DAN,12T,T,0.12
1DAN,13N,T,0.18
1DAN,15K,T,3.664
1DAN,16T,T,0.159
1DAN,21E,T,0.101
1DAN,23K,T,0.117
1DAN,28V,T,0.193
1DAN,31V,T,0.132
1DAN,33I,T,0.132
1DAN,37S,T,0.069
1DAN,38G,T,0.067
1DAN,39D,T,2.945
1DAN,42S,T,0.044
1DAN,46Y,T,0.132
1DAN,53D,T,3
1DAN,54L,T,0
1DAN,55T,T,3.577
1DAN,56D,T,0.273
1DAN,57E,T,0.152
1DAN,58I,T,0
1DAN,59V,T,0
1DAN,63K,T,0.138
1DAN,64Q,T,0.103
1DAN,67L,T,0.06
1DAN,2P,U,0.193
1DAN,9E,U,0.175
1DAN,15E,U,0.261
1DAN,16T,U,0.06
1DAN,17N,U,0.207
1DAN,24Q,U,0.034
1DAN,27E,U,0.034
1DAN,32K,U,0.121
1DAN,38E,U,0.086
1DAN,39D,U,0.027
1DAN,40E,U,0.022
1DAN,41R,U,0
1DAN,42T,U,0
1DAN,43L,U,0.028
1DAN,46R,U,0.073
1DAN,47N,U,0.206
1DAN,48N,U,0.103
1DAN,49T,U,0.017
1DAN,50F,U,3.451
1DAN,54R,U,0.003
1DAN,55D,U,0.011
1DAN,56V,U,0.199
1DAN,57F,U,0.06
1DAN,59K,U,0.101
1DAN,60D,U,0.101
1DAN,62I,U,0.179
1DAN,67Y,U,0
1DAN,69S,U,0.023
1DAN,71K,U,0.24
1DAN,72K,U,0.24
1DAN,73T,U,0.212
1DAN,75K,U,0.117
1DAN,78T,U,0.026
1DAN,79N,U,0.025
1DAN,80E,U,0.025
1DAN,82L,U,0.08
1DAN,85V,U,0.11
1DAN,87K,U,0.017
1DAN,89E,U,0.094
1DAN,90N,U,0.094
1DAN,91Y,U,0.33
1DAN,101S,U,0.318
1DAN,103T,U,0.02
1DAN,104V,U,0.02
1DAN,105N,U,0.2
1DAN,106R,U,0.4
1DAN,107K,U,0.043
1DAN,109T,U,0.135
1DAN,110D,U,0.043
1DAN,114E,U,0.005
1DAN,135L,H,0.016
1DAN,189K,H,0.185
1DQJ,20Y,C,3.814
1DQJ,21R,C,2.271
1DQJ,96K,C,5.978
1DQJ,97K,C,3.705
1DQJ,100S,C,2.35
1DQJ,31N,A,2.013
1DQJ,32N,A,4.946
1DQJ,50Y,A,2.678
1DQJ,91S,A,2.725
1DQJ,33Y,B,5.524
1DQJ,50Y,B,6.887
1DQJ,98W,B,5.516
1DVF,32Y,A,2.904
1DVF,49Y,A,2.003
1DVF,92W,A,0.341
1DVF,52W,B,4.143
1DVF,54D,B,4.351
1DVF,98E,B,4.335
1DVF,100D,B,3.627
1DVF,33H,D,2.79
1DVF,52D,D,3.001
1DVF,55N,D,2.57
1DVF,101I,D,2.681
1DVF,102Y,D,4.686
1DVF,104Q,D,2.185
1DVF,106R,D,4.37
1DVF,49Y,C,3.176
1EAW,45I,A,0.194
1EAW,46D,A,0.172
1EAW,51R,A,0.231
1EAW,52Y,A,0.079
1EAW,82R,A,0.15
1EAW,90N,A,0.308
1EAW,93T,A,0.255
1EAW,138H,A,0.014
1EAW,140Q,A,0.307
1EAW,144T,A,0.089
1EAW,169Q,A,0.133
1EAW,214D,A,2.228
1EAW,218Q,A,0.144
1EAW,219R,A,0.089
1EMV,22N,A,0.139
1EMV,24D,A,0.337
1EMV,26S,A,3.196
1EMV,29E,A,0.307
1EMV,30E,A,0.22
1EMV,31L,A,5.047
1EMV,32V,A,3.621
1EMV,33K,A,0.192
1EMV,35V,A,2.865
1EMV,39E,A,2.083
1EMV,42T,A,0.305
1EMV,43E,A,0.213
1EMV,46S,A,0.007
1EMV,48S,A,2.187
1EMV,49D,A,5.915
1EMV,52Y,A,6.776
1EMV,53Y,A,6.447
1EMV,67N,A,0.278
1EMV,74S,B,0.241
1EMV,75N,B,2.334
1EMV,77S,B,0.233
1EMV,84S,B,0.109
1EMV,86F,B,6.044
1EMV,87T,B,0.158
1EMV,92Q,B,0.278
1F47,8I,A,2.515
1F47,9P,A,0.058
1F47,11F,A,2.444
1F47,12L,A,2.294
1F47,14K,A,0.043
1F47,15Q,A,0.046
1FC2,26F,C,0.014
1FC2,27I,C,3.729
1FCC,25T,C,0.24
1FCC,31K,C,3.476
1FCC,35N,C,2.364
1FCC,40D,C,0.272
1FCC,42E,C,0.385
1FCC,43W,C,3.771
1FFW,23H,B,0.034
1FFW,44D,B,0.074
1FFW,49D,B,0.096
1FFW,55C,B,0.204
1FFW,56F,B,3.644
1GC1,1K,C,0.062
1GC1,2K,C,0.017
1GC1,8K,C,0.105
1GC1,10D,C,0
1GC1,11T,C,0
1GC1,15T,C,0.322
1GC1,17T,C,0.128
1GC1,19S,C,0
1GC1,20Q,C,0.017
1GC1,21K,C,0.128
1GC1,22K,C,0.24
1GC1,23S,C,0.293
1GC1,25Q,C,0.032
1GC1,27H,C,0.282
1GC1,30N,C,0.17
1GC1,31S,C,0.105
1GC1,32N,C,0.183
1GC1,33Q,C,0.105
1GC1,35K,C,0.322
1GC1,42S,C,0
1GC1,45T,C,0.149
1GC1,50K,C,0.047
1GC1,53D,C,0.302
1GC1,56D,C,0.07
1GC1,58R,C,0.132
1GC1,60S,C,0.089
1GC1,66N,C,0.034
1GC1,72K,C,0.017
1GC1,73N,C,0.108
1GC1,75K,C,0.158
1GC1,86V,C,0.07
1GC1,87E,C,0.218
1GC1,88D,C,0.07
1GC1,89Q,C,0.17
1GC1,90K,C,0.047
1GC1,91E,C,0.128
1GC1,92E,C,0.016
1GC1,94Q,C,0.108
1GCQ,18P,C,0.121
1GCQ,19P,C,0.085
1H9D,94N,B,2.11
1IAR,6T,A,0.104
1IAR,8Q,A,0.022
1IAR,11I,A,0.069
1IAR,15N,A,0.034
1IAR,16S,A,0.183
1IAR,19E,A,0.32
1IAR,77K,A,0.154
1IAR,78Q,A,0.125
1IAR,82F,A,0.086
1IAR,84K,A,0.345
1IAR,88R,A,3.753
1JCK,90Y,B,2.595
1JCK,91V,B,2.232
1JCK,176F,B,2.133
1JRH,37K,I,3.714
1JRH,38N,I,0.17
1JRH,39Y,I,3.527
1JRH,40G,I,4.45
1JRH,42K,I,3.386
1JRH,43N,I,4.299
1JRH,44S,I,0.378
1JRH,69N,I,0.2
1JRH,71L,I,2.959
1JRH,72W,I,4.429
1JRH,73V,I,0.214
1JRH,74R,I,0.393
1JRH,88K,I,0.312
1JRH,92W,L,2.818
1JRH,94T,L,0.385
1JRH,54W,H,2.686
1JRH,55W,H,2.421
1JRH,103F,H,0
1JTG,36F,B,3.415
1JTG,41H,B,2.95
1JTG,53Y,B,2.69
1JTG,71S,B,2.52
1JTG,74K,B,3.906
1JTG,112W,B,3.033
1JTG,113S,B,2.286
1JTG,142F,B,3.546
1JTG,143Y,B,3.138
1JTG,148H,B,2.683
1JTG,150W,B,4.132
1JTG,160R,B,2.631
1JTG,162W,B,2.727
1JTG,74Q,A,2.972
1JTG,75N,A,2.142
1JTG,78V,A,3.75
1JTG,79E,A,2.08
1JTG,80Y,A,2.276
1JTG,85E,A,4.529
1JTG,104M,A,2.001
1JTG,105S,A,2.039
1JTG,143E,A,2.421
1JTG,190V,A,0.302
1JTG,208K,A,2.648
1JTG,217R,A,2.459
1KTZ,64R,A,2.883
1KTZ,3L,B,2.27
1KTZ,6F,B,3.425
1KTZ,26I,B,2.342
1LFD,35K,A,0.258
1LFD,43D,A,0.28
1LFD,44E,A,0.246
1MAH,327Y,A,0.386
1NMB,103Y,H,2.14
1PPF,14P,I,0.122
1PPF,17T,I,3.145
1PPF,18L,I,3.541
1PPF,20Y,I,3.166
1PPF,21R,I,0.205
1PPF,42V,I,2.581
1R0R,13L,I,3.775
1R0R,14E,I,2.06
1R0R,15Y,I,5.398
1R0R,16R,I,0.095
1R0R,27G,I,3.081
1R0R,31N,I,0.033
1REW,38F,A,2.123
1REW,39P,A,2.088
1REW,42D,A,0.065
1REW,77S,A,0.193
1REW,89L,A,0.176
1REW,38F,B,2.123
1REW,39P,B,2.088
1REW,42D,B,0.065
1REW,77S,B,0.193
1REW,89L,B,0.176
1REW,55Q,C,2.657
1S1Q,42F,A,0.196
1S1Q,73W,A,0.276
1TM1,39T,I,2.896
1TM1,41E,I,2.53
1TM1,42Y,I,2.579
1TM1,46R,I,3.96
1TM1,48R,I,3.689
1TM1,51V,I,0.025
1VFB,92W,A,3.357
1VFB,93S,A,0.343
1VFB,30T,B,0.056
1VFB,56N,B,0.178
1VFB,58D,B,0.207
1VFB,99R,B,0.1
1VFB,100D,B,3.126
1VFB,19N,C,0.396
1VFB,24S,C,2.11
1VFB,121Q,C,2.66
1VFB,124I,C,2.662
1VFB,125R,C,2.615
1XD3,8L,B,2.738
1XD3,24E,B,0.246
1XD3,27K,B,0.064
1XD3,44I,B,0.272
1XD3,52D,B,0.246
1XD3,58D,B,0.246
1Z7X,263W,W,2.211
1Z7X,434Y,W,6.786
1Z7X,435D,W,5.414
1Z7X,437Y,W,4.93
1Z7X,459I,W,0.337
2FTL,12G,I,4.346
2FTL,15K,I,10.289
2FTL,18I,I,4.969
2FTL,36G,I,2.191
2G2U,36F,B,2.762
2G2U,50Y,B,2.2
2G2U,53Y,B,2.301
2G2U,73E,B,2.088
2G2U,74K,B,0.217
2G2U,112W,B,0.274
2G2U,142F,B,0.276
2G2U,144R,B,0.342
2I9B,129R,E,0.287
2I9B,134R,E,0.363
2J0T,2T,D,4.387
2J0T,68S,D,3.694
2J1K,155R,C,0.052
2JEL,62T,P,0
2JEL,70E,P,2.727
2JEL,83E,P,0
2JEL,85E,P,0
2O3B,24E,B,5.472
2O3B,74Q,B,4.492
2O3B,76W,B,4.912
2PCC,34D,A,0.264
2PCC,197V,A,2.126
2PCC,290E,A,3.65
2QJA,43T,C,0.097
2QJA,62P,C,0.268
2SIC,67M,I,0.218
2VLJ,52D,E,0.132
2VLJ,95S,E,0.035
2VLJ,97Y,E,0.232
2WPT,30D,A,0.132
2WPT,34V,A,3.459
2WPT,38E,A,4.501
2WPT,39R,A,0.24
2WPT,47S,A,2.424
2WPT,53P,A,2.926
2WPT,67S,B,0.134
2WPT,71S,B,0.095
2WPT,77S,B,0.067
2WPT,80T,B,0.376
2WPT,85Q,B,0.384
2WPT,91V,B,0.265
3BK3,2L,C,0
3BN9,26I,B,0
3BN9,47D,B,0.311
3BN9,48R,B,0.045
3BN9,50F,B,0.045
3BN9,51R,B,0.072
3BN9,52Y,B,0.019
3BN9,82R,B,0.159
3BN9,138H,B,0.085
3BN9,140Q,B,0.133
3BN9,144T,B,0.291
3BN9,147L,B,0.336
3BN9,163E,B,0.373
3BN9,168Q,B,0.035
3BN9,169Q,B,2.509
3BN9,219R,B,0.094
3BP8,115F,A,0.033
3HFM,20Y,Y,5.4
3HFM,21R,Y,3.911
3HFM,63W,Y,0.319
3HFM,73R,Y,0.331
3HFM,89T,Y,0
3HFM,93N,Y,0.211
3HFM,96K,Y,7.428
3HFM,97K,Y,5.705
3HFM,98I,Y,0
3HFM,100S,Y,0.268
3HFM,31N,L,6.341
3HFM,32N,L,5.107
3HFM,50Y,L,6.493
3HFM,96Y,L,4.232
3HFM,31S,H,0.17
3HFM,32D,H,2.538
3HFM,33Y,H,6.631
3HFM,50Y,H,7.63
3HFM,53Y,H,3.25
3HFM,98W,H,6.62
3NPS,23Q,A,0.026
3NPS,45I,A,0.332
3NPS,46D,A,0.34
3NPS,50F,A,0.22
3NPS,51R,A,0.138
3NPS,82R,A,0.152
3NPS,90N,A,0.253
3NPS,140Q,A,0.296
3NPS,144T,A,0.175
3NPS,147L,A,0.296
3NPS,168Q,A,0.059
3NPS,218Q,A,0.041
3NPS,219R,A,0.084
3NPS,221K,A,0.104
3SGB,7K,I,2.536
3SGB,8P,I,0.187
3SGB,11T,I,3.363
3SGB,12L,I,3.533
3SGB,15R,I,0.053
3SGB,30N,I,0.326
3SGB,36V,I,2.713
4CPA,37V,I,2.324
1A4Y,W261,A,0.1
1A4Y,S289,A,0
1A4Y,K320,A,-0.3
1A4Y,E344,A,0.2
1AXI,F25,A,-0.4
1BGS,E73,A,0.3
1BGS,Y29,E,-0.1
1BGS,D39,E,7.7
1BJ1,F17,V,0
1BJ1,Y21,V,0
1BJ1,Q79,W,0
1BJ1,M81,W,1
1BJ1,R82,W,2.2
1BJ1,I83,W,3.69
1BJ1,H86,W,0.2
1BJ1,Q87,W,0
1BJ1,G88,W,2.76
1BJ1,H90,W,0
1BJ1,G92,W,3.69
1CZ8,F17,V,0
1CZ8,Y21,V,0
1CZ8,K48,W,0
1CZ8,M81,W,4.1
1CZ8,H86,W,0
1CZ8,Q87,W,0
1CZ8,G88,W,2.67
1CZ8,H90,W,0
1CZ8,G92,W,4.1
1DFJ,W259,I,2.2
1DFJ,Y430,I,5.9
1DFJ,D431,I,3.6
1DFJ,Y433,I,2.6
1DFJ,I455,I,0.3
1DVF,I101,D,2.71
1DVF,Y102,D,4.79
1F47,E17,B,0.14
1F47,S20,B,-0.43
1F47,L22,B,0.37
1F47,L25,B,0.3
1F47,P27,B,-1.26
1F47,E28,B,-0.36
1ILP,M1,C,0.38
1ILP,W2,C,2.71
1ILP,D3,C,2
1ILP,F4,C,2.06
1ILP,D5,C,2.74
1ILP,D6,C,2.72
1ILP,G7,C,-0.41
1ILP,M8,C,0.45
1ILP,P9,C,2.97
1ILP,P10,C,1.49
1ILP,D12,C,2.2
1ILP,E13,C,1.56
1ILP,D14,C,2.59
1ILP,S16,C,-0.26
1ILP,P17,C,2.24
1ILP,A11,C,0.12
1JTD,Y105,A,2.29
1JTD,E110,A,0.04
1JTD,K111,A,2.18
1JTD,M129,A,2.56
1JTD,V216,A,0.04
1JTD,M272,A,0.28
1JTD,T57,B,0.286329001
1JTD,Y73,B,3.079220598
1JTD,F74,B,2.492900776
1JTD,W152,B,3.180346571
1JTD,S169,B,0.147386307
1JTD,D170,B,-0.537627453
1JTD,Y191,B,3.221927375
1JTD,D206,B,-1.039385927
1JTD,F209,B,2.15025303
1JTD,I229,B,2.823561223
1JTD,F230,B,3.870446379
1JTD,W269,B,5.67769409
1JTG,E36,B,3.15
1K8R,D38,A,3.1
1K8R,R41,A,3.1
1KTZ,F30,B,3
1KTZ,N47,B,0.3
1KTZ,S49,B,0.3
1KTZ,S52,B,0.2
1KTZ,H79,B,0.3
1KTZ,E119,B,0.3
1KTZ,D32,B,0.1
1MHP,R31,H,0.2
1MHP,T33,H,0.1
1MHP,S35,H,0.32
1MHP,T50,H,-0.26
1MHP,S52,H,-0.34
1MHP,G53,H,0.21
1MHP,G54,H,-0.12
1MHP,H56,H,0.1
1MHP,Y58,H,-0.5
1MHP,Y59,H,0.15
1MHP,L60,H,-0.12
1MHP,K64,H,-0.07
1MHP,F99,H,0
1MHP,G100,H,0.1
1MHP,G102,H,0.8
1MHP,A25,L,0
1MHP,V29,L,0.1
1MHP,H31,L,0.3
1MHP,M32,L,0.2
1MHP,T50,L,-0.1
1MHP,L53,L,-0.4
1MHP,S91,L,0.3
1MHP,G92,L,0.2
1MHP,N93,L,0.1
1MHP,P94,L,-0.1
1MLC,N32,A,0
1MLC,N92,A,-1.25
1MLC,T31,B,0.13
1MLC,S57,B,-0.38
1MLC,T58,B,-0.56
1MLC,K65,B,0.02
1MLC,T28,B,-0.15
1MTN,T311,D,0.2
1MTN,P313,D,-0.1
1MTN,I319,D,0.1
1MTN,R320,D,0.3
1MTN,V334,D,0
1MTN,G336,D,0.9
1MTN,R339,D,0.2
1N8Z,D28,A,-0.28
1N8Z,N30,A,0.06
1N8Z,S50,A,-0.07
1N8Z,S52,A,-0.31
1N8Z,F53,A,-0.43
1N8Z,R66,A,0.22
1N8Z,H91,A,0.1
1N8Z,Y92,A,0.36
1N8Z,T94,A,-0.12
1N8Z,D31,B,0.25
1N8Z,T32,B,0.38
1N8Z,Y33,B,-0.09
1N8Z,Y52,B,0.23
1N8Z,N54,B,-0.15
1N8Z,W95,B,8
1N8Z,D98,B,-0.69
1N8Z,F100,B,-0.05
1N8Z,Y102,B,0.22
1N8Z,R50,B,8
1NVU,G12,R,-4.24
1S78,L525,A,-0.009560217
1S78,S551,A,-1.319173166
1S78,V552,A,0.047260556
1S78,F555,A,0.045616392
1U0S,V103,Y,0.01
1U7F,D493,B,2.7
1VFB,N31,A,0.17
1VFB,Y32,A,0.16
1VFB,L46,A,0.13
1VFB,Y50,A,0.23
1VFB,T52,A,0.18
1VFB,T53,A,0.13
1VFB,W28,C,0.33
1VFB,A31,C,0
1VFB,A32,C,0
1VFB,V99,C,-1.2
1VFB,D101,C,8
1VFB,I58,C,0.12
1YCR,L26,B,2.39
1YCS,P177,A,-1.29
1YCS,R248,A,-24.31
1YCS,R273,A,-3.44
1YCS,D281,A,-0.903
1YY9,S26,C,-0.2
1YY9,T31,C,-0.52
1YY9,N93,C,-0.74
1YY9,N56,D,-0.06
1YY9,T61,D,-0.06
2KSO,M13,A,-0.9
2NYY,S902,A,-0.23
2NYY,K903,A,0.29
2NYY,L919,A,2.59
2NYY,E920,A,2.84
2NYY,K923,A,-0.14
2NYY,F953,A,4.06
2NYY,N954,A,0.1
2NYY,I956,A,-0.01
2NYY,K1056,A,-0.03
2NYY,D1058,A,0.01
2NYY,D1062,A,2.53
2NYY,H1064,A,7.32
2NYY,R1294,A,0.3
2NYY,S955,A,0
2NYY,S28,C,0.32
2NYY,D30,C,0.25
2NYY,S31,C,-0.36
2NYY,H34,C,0.1
2NYY,K30,D,0.07
2NYY,Y31,D,0.07
2NYY,M34,D,-0.06
2NYY,Y57,D,0.13
2NZ9,Q915,A,0.1
2NZ9,F917,A,-0.05
2NZ9,L919,A,2.28
2NZ9,N918,A,2.16
2NZ9,E920,A,2.77
2NZ9,K923,A,-0.3
2NZ9,F953,A,3.34
2NZ9,N954,A,-0.15
2NZ9,S955,A,-0.08
2NZ9,I956,A,0.07
2NZ9,K1056,A,-0.01
2NZ9,D1058,A,-0.03
2NZ9,R1061,A,0.29
2NZ9,D1062,A,2.34
2NZ9,T1063,A,2.37
2NZ9,H1064,A,7.42
2NZ9,R1294,A,0.39
2NZ9,S902,A,-0.12
2PTC,K15,I,10
2X0B,Y4,B,2.87
2X0B,I5,B,3.69
2X0B,H6,B,4.97
2X0B,F8,B,6.02
2X0B,H9,B,6.28
2X0B,L10,B,6.44
2X0B,V11,B,3.63
2X0B,I12,B,7.36
2X0B,H13,B,6.52
2X0B,E15,B,3.68
2X0B,K55,B,3.47
2X0B,L56,B,3.47
2X0B,R57,B,2.7
2X0B,F67,B,3.13
2X0B,R71,B,5.59
2X0B,Y73,B,2.44
2X0B,V119,B,-1.7
2X0B,K122,B,-1.7
2X0B,D123,B,4.43
2X0B,Q318,B,2.83
2X0B,K326,B,5.11
2X0B,L327,B,2.51
3BDY,D31,H,0.2
3BDY,K30,H,0.2
3BDY,T32,H,-0.4
3BDY,R50,H,-0.3
3BDY,N54,H,-0.2
3BDY,T53,H,-0.5
3BDY,Y56,H,0.2
3BDY,R58,H,-0.2
3BDY,G96,H,0.2
3BDY,G97,H,-0.1
3BDY,D98,H,0
3BDY,Y33,H,0.3
3BDY,D27,L,0
3BDY,S52,L,0.1
3BDY,T93,L,-0.3
3BDY,T94,L,0
3BE1,D31,H,0.39
3BE1,T32,H,-0.4
3BE1,Y33,H,2.4
3BE1,R50,H,2.4
3BE1,Y52,H,-0.8
3BE1,T53,H,0.1
3BE1,N54,H,-0.8
3BE1,R58,H,2.5
3BE1,G96,H,0.1
3BE1,G97,H,0.3
3BE1,D98,H,-0.1
3BE1,R27,L,-0.2
3BE1,S28,L,0.3
3BE1,S30,L,-0.2
3BE1,G31,L,0.3
3BE1,Y32,L,-0.8
3BE1,G51,L,-0.3
3BE1,S52,L,0.3
3BE1,T93,L,-0.4
3BIW,E577,A,-1.24
3BN9,D96,A,6.7
3BN9,F97,A,6.7
3BN9,T28,H,0.3
3BN9,S30,H,0.36
3BN9,T98,H,0.3
3BN9,Y99,H,0
3BN9,Q100,H,-0.06
3K2M,Y36,D,3.7
3K2M,R38,D,2.5
3K2M,E52,D,2.5
3K2M,W80,D,4
3K2M,M88,D,4
3K2M,Y87,D,4
3MBW,G111,A,0.14
3NGB,I30,B,-0.01
3NGB,R53,B,-0.27
3NGB,G54,B,-1.28
3NGB,P62,B,-0.05
3NGB,Q64,B,-0.35
3NGB,Y74,B,-0.21
3NGB,D99,B,0.05
3NGB,Y100,B,1.42
3NGB,V3,C,-0.78
3NGB,Q27,C,-0.24
3NGB,S30,C,-0.15
3NGB,Y91,C,2.01
3NPS,Q23,A,0.03
3NPS,I45,A,-0.34
3NPS,D46,A,0.34
3NPS,R48,A,-1.07
3NPS,F50,A,0.22
3NPS,R51,A,0.14
3NPS,R82,A,-0.15
3NPS,N90,A,0.26
3NPS,Q140,A,0.3
3NPS,T144,A,0.18
3NPS,L147,A,0.3
3NPS,Q168,A,-0.06
3NPS,Q218,A,-0.04
3NPS,R219,A,-0.08
3NPS,K221,A,-0.1
3Q3J,Y114,B,0.3
3SE8,R30,H,-0.04
3SE8,L54,H,0.05
3SE8,W55,H,-0.01
3SE8,G56,H,0.35
3SE8,R72,H,2.65
3SE8,Q76,H,0.09
3SE8,P78,H,0.01
3SE8,P81,H,-0.08
3SE8,D110,H,-0.38
3SE8,D114,H,-0.24
3SE8,E1,L,-0.57
3SE8,Q27,L,-0.22
3SE8,N30,L,0.2
3SE8,F90,L,-0.87
3SE9,V3,L,-0.51
3SE9,F97,L,0.02
3W2D,Y46,A,0.1
3W2D,K71,A,0.22
4BFI,G113,A,0.3
4BJ5,E47,A,0.1
4BKL,S31,A,0.206169551
4BPX,E44,A,-0.848852262
4BPX,Y54,A,0.119803162
4BPX,R56,A,-0.04620941
4BPX,K77,A,0.161406463
4BPX,D109,A,-0.065751418
4BPX,D111,A,-1.382782255
4BPX,D114,A,-0.262674184
4BPX,D116,A,-0.075096306
4BPX,D306,A,-0.198013192
4BPX,H315,A,-0.138967672
4BPX,K318,A,-0.065751418
4BPX,H324,A,-0.06508953
4BPX,R183,A,0.259762714
4BPX,F178,A,-0.871107185
4BPX,Y223,A,-0.142726217
4BPX,R227,A,-0.38532035
4BPX,F104,B,2.221011929
4BPX,R107,B,2.046757271
4BPX,L108,B,2.226577421
4FZA,E138,B,-1.053772163
4HMY,Q71,C,0.1
4HSA,W67,A,0.155508697
4HSA,H86,A,0.255926322
4HSA,Y85,A,0.396253833
4IOF,F530,A,2.63574435
4J2L,W37,C,2.278266248
4J2L,L40,C,0.34
4JEU,R171,A,-0.261751662
4JEU,R39,A,0.162304397
4KRM,R30,B,2.18117592
4L72,N229,A,-6.883113358
4LRX,H56,A,0.3204415
4MYW,I80,A,-1.519990714
4NM8,I18,B,0.109878921
4NM8,D19,B,0.162095779
4NM8,R25,B,0.3
4NM8,T32,B,-0.050251223
4NM8,Q34,B,0.222295079
4NM8,L38,B,-0.615714011
4NZW,K96,A,0.076847885
4NZW,E59,A,0.331030211
4NZW,E134,B,0.363211628
4O27,E58,B,0.377875746
4O27,E138,B,0.306891969
4OFY,M56,A,0.071916142
4OFY,F60,A,4.594586354
4OFY,S107,A,0.129886137
4OFY,E108,A,0.270374364
4OFY,Q53,D,2.859845996
4OFY,L61,D,2.557084998
4OFY,Q105,D,4.635478149
4OFY,R115,D,3.410814856
4OZG,N36,E,-0.05005153
4OZG,Y40,E,0.3
4OZG,Y55,F,-0.59377684
4OZG,N63,F,-0.083171578
4OZG,L103,F,-0.2
4P23,V72,C,0
4P23,K75,C,0.2
4P23,E59,D,0.1
4P23,Y60,D,0.2
4P23,S63,D,0
4P23,Q64,D,0.1
4P23,P65,D,0.1
4P23,E66,D,0.1
4P23,I67,D,0.2
4P23,E69,D,0.2
4P23,R70,D,0.2
4P23,R72,D,0
4P23,D76,D,0
4P23,T77,D,0
4P23,R80,D,0
4P23,H81,D,0.2
4P23,E84,D,0.1
4P4Q,E32,A,0.16
4P4Q,D34,A,-0.9
4P4Q,E35,A,0.17
4P4Q,A193,A,0
4P4Q,V197,A,2.1
4P4Q,E290,A,-0.8
4P4Q,E291,A,-0.1
4P4Q,A81,B,0
4P5T,Q57,C,0
4P5T,Q61,C,0
4P5T,V72,C,0
4P5T,K75,C,0.3
4P5T,E59,D,0.1
4P5T,Y60,D,0.1
4P5T,S63,D,0
4P5T,Q64,D,0
4P5T,P65,D,0
4P5T,E66,D,0.2
4P5T,I67,D,0
4P5T,E69,D,0.1
4P5T,R70,D,0.1
4P5T,R72,D,0
4P5T,D76,D,0
4P5T,T77,D,0.2
4P5T,R80,D,0
4P5T,H81,D,0.2
4P5T,E84,D,0
4PWX,K69,A,0.202390236
4PWX,K72,A,0.259762714
4PWX,R75,A,0.359161384
4PWX,E253,A,0.2
4PWX,E304,A,0.18
4PWX,E31,C,-0.686585163
4PWX,H33,C,-0.35435029
4PWX,Q34,C,-0.178471183
4PWX,R45,C,0.335073125
4PWX,E81,C,0.103958986
4QTI,R58,U,3
4QTI,R89,U,3
4QTI,R91,U,3
4QTI,Y92,U,3
4QTI,E94,U,3
4QTI,Q114,U,3
4RA0,G32,C,0.1
4RA0,D87,C,-0.5
4RA0,V92,C,-0.6
4RA0,G127,C,-0.01
4U6H,N27,E,-1.204738919
4UWQ,R416,A,-1
4X4M,K173,E,-0.75
4X4M,H174,E,-0.63
4X4M,R175,E,-1.92
4Y61,Y273,A,-0.044929235
4Y61,R114,B,-0.154916273
4YEB,A313,A,0.065582469
4YEB,R117,B,0.274118663
4YEB,F160,B,-1.687660563
4YFD,R75,A,0.296819816
4YFD,R196,A,0.259762714
4YFD,D30,B,-0.024196036
5C6T,Y280,A,3.211234335
5C6T,N281,A,0.284111691
5C6T,T283,A,0.33809636
5C6T,N284,A,0.3614206
5C6T,N286,A,-0.367425539
5C6T,F297,A,2.760639263
5C6T,R31,H,0.311017395
5C6T,S32,H,-0.868535725
5C6T,Y109,H,0.3614206
5C6T,R51,L,0.122701557
5CYK,E481,A,-0.348404816
5CYK,T484,A,-0.646101524
5CYK,R486,A,-0.152317007
5CYK,V488,A,-0.152317007
5E6P,Y1806,A,0.364633185
5E6P,A1832,A,0.118505006
5E6P,A1833,A,0.60511707
5E6P,I66,B,0.278580821
5E6P,R88,B,-0.6
5K39,D39,B,4
5K39,L83,B,-3
1A22,3T,A,0.05
1A22,7S,A,0.34
1A22,8R,A,0.2
1A22,9L,A,0.04
1A22,12N,A,0.1
1A22,14M,A,0
1A22,15L,A,0.15
1A22,16R,A,0.238
1A22,19R,A,0.051
1A22,21H,A,0.155
1A22,22Q,A,0.22
1A22,25F,A,0.229
1A22,26D,A,0.211
1A22,42Y,A,0.221
1A22,46Q,A,0.191
1A22,51S,A,0.348
1A22,55S,A,0.11
1A22,57S,A,0.2
1A22,59P,A,0.38
1A22,62S,A,0.155
1A22,63N,A,0.314
1A22,69Q,A,0.05
1A22,73L,A,0.2
1A22,153Y,A,0.348
1A22,156R,A,0.278
1A22,157K,A,0.155
1A22,161K,A,2.014
1A22,167R,A,2.424
1A22,169V,A,0
1A22,170Q,A,0.27
1A22,173S,A,0.05
1A22,175E,A,0.012
1A22,176G,A,0.34
1A22,177S,A,0.2
1A22,180F,A,0.191
1A22,2K,B,0.24
1A22,5K,B,0.24
1A22,7R,B,0.269
1A22,9P,B,0.26
1A22,15S,B,0.015
1A22,19T,B,0.07
1A22,31N,B,0.011
1A22,32T,B,0.077
1A22,33Q,B,0.194
1A22,34E,B,0.172
1A22,36T,B,0.025
1A22,38E,B,0.079
1A22,39W,B,0.05
1A22,40K,B,0.144
1A22,50E,B,0.178
1A22,54Y,B,0.199
1A22,56N,B,0.255
1A22,57S,B,0.161
1A22,59F,B,0.015
1A22,61S,B,0.028
1A22,65P,B,2.965
1A22,67C,B,0
1A22,69K,B,0.043
1A22,78D,B,0.21
1A22,79E,B,0.057
1A22,80K,B,0.13
1A22,81C,B,0
1A22,83S,B,0.237
1A22,88V,B,0.046
1A22,89Q,B,0.03
1A22,107D,B,0.314
1A22,111R,B,0.314
1A22,113E,B,0.314
1A22,116R,B,0.062
1A22,120I,B,2.164
1A22,121Q,B,0.009
1A22,122K,B,0.027
1A22,128E,B,0.083
1A22,130E,B,0.079
1A22,134K,B,0
1A22,135E,B,0.199
1A22,138E,B,0.12
1A22,140K,B,0.12
1A22,142K,B,0.12
1A22,145D,B,0.12
1A22,149T,B,0.202
1A22,150T,B,0.097
1A22,166R,B,0.056
1A22,168R,B,0.19
1A22,172R,B,0.268
1A22,173N,B,0.298
1A22,174S,B,0.034
1A22,179E,B,0.108
1AK4,85P,D,2.449
1AK4,86V,D,2.355
1AK4,87H,D,2.373
1AK4,89G,D,3.44
1AK4,90P,D,3.535
1AK4,93P,D,2.046
1AXI,F25,A,-0.4
1BGS,E73,A,0.3
1BGS,Y29,E,-0.1
1BGS,D39,E,7.7
1BJ1,F17,V,0
1BJ1,Y21,V,0
1BJ1,Q79,W,0
1BJ1,M81,W,1
1BJ1,R82,W,2.2
1BJ1,I83,W,3.69
1BJ1,H86,W,0.2
1BJ1,Q87,W,0
1BJ1,G88,W,2.76
1BJ1,H90,W,0
1BJ1,G92,W,3.69
1CDL,F12,A,N
1CDL,F19,A,W
1CDL,F92,A,S
1CDL,K799,E,N
1CDL,W800,E,S
1CDL,K802,E,I
1CDL,R808,E,I
1CDL,I810,E,S
1CDL,L813,E,S
1CDL,G804,E,S
1CDL,G811,E,I
1CDL,R812,E,S
1CBW,11T,I,0.22
1CBW,13P,I,0.056
1CBW,15K,I,2.091
1CBW,19I,I,0.141
1CBW,20R,I,0.35
1CBW,33F,I,0.141
1CBW,34V,I,0.051
1CBW,39R,I,0.22
1CBW,46K,I,0.141
1CHO,10K,I,0.179
1CHO,11P,I,0.375
1CHO,14T,I,4.179
1CHO,15L,I,6.271
1CHO,16E,I,2.301
1CHO,17Y,I,2.508
1CHO,18R,I,3.147
1CHO,39V,I,5.095
1CZ8,F17,V,0
1CZ8,Y21,V,0
1CZ8,K48,W,0
1CZ8,M81,W,4.1
1CZ8,H86,W,0
1CZ8,Q87,W,0
1CZ8,G88,W,2.67
1CZ8,H90,W,0
1CZ8,G92,W,4.1
1DDM,I144,A,S
1DDM,E145,A,S
1DDM,K146,A,I
1DDM,S148,A,N
1DDM,C150,A,S
1DDM,R165,A,I
1DDM,C198,A,S
1DDM,F2,B,I
1DDM,S3,B,S
1DDM,N4,B,S
1DDM,M5,B,S
1DDM,S6,B,S
1DDM,F7,B,S
1DDM,E8,B,W
1DDM,F10,B,W
1DFJ,K7,E,S
1DFJ,W259,I,2.2
1DFJ,Y430,I,5.9
1DFJ,D431,I,3.6
1DFJ,Y433,I,2.6
1DFJ,I455,I,0.3
1DVA,L32,H,S
1DVA,L34,H,S
1DVA,N37,H,N
1DVA,I65,H,N
1DVA,V67,H,N
1DVA,E70,H,W
1DVA,L73,H,N
1DVA,S74,H,N
1DVA,E75,H,N
1DVA,H76,H,S
1DVA,E80,H,N
1DVA,S82,H,N
1DVA,L144,H,N
1DVA,L153,H,W
1DVA,G38,H,I
1DVA,A1,X,N
1DVA,D5,X,W
1DVA,Q14,X,N
1DVA,V16,X,N
1DVA,L2,X,S
1DVA,R7,X,W
1DVA,V8,X,I
1DVA,D9,X,I
1DVA,W11,X,S
1DVA,Y12,X,S
1DVA,F15,X,S
1DZI,N154,A,I
1DZI,Y157,A,S
1DZI,Q215,A,S
1DZI,D219,A,I
1DZI,L220,A,N
1DZI,T221,A,S
1DZI,E256,A,N
1DZI,H258,A,I
1DAN,135L,H,0.016
1DAN,189K,H,0.185
1DQJ,20Y,C,3.814
1DQJ,21R,C,2.271
1DQJ,96K,C,5.978
1DQJ,97K,C,3.705
1DQJ,100S,C,2.35
1DQJ,31N,A,2.013
1DQJ,32N,A,4.946
1DQJ,50Y,A,2.678
1DQJ,91S,A,2.725
1DQJ,33Y,B,5.524
1DQJ,50Y,B,6.887
1DQJ,98W,B,5.516
1DVF,49Y,C,3.176
1DX5,I24,N,N
1DX5,F34,N,I
1DX5,K36,N,W
1DX5,P37,N,W
1DX5,Q38,N,W
1DX5,E39,N,N
1DX5,L65,N,W
1DX5,R67,N,S
1DX5,E80,N,S
1DX5,K81,N,W
1DX5,I82,N,I
1DX5,M84,N,N
1DX5,K110,N,N
1DX5,K235,N,N
1EBP,F93,A,S
1EBP,M150,A,S
1EBP,T151,A,W
1EBP,F205,A,S
1EBP,L11,C,N
1EBP,T12,C,I
1EBP,W13,C,S
1EBP,G9,C,I
1EBP,P10,C,I
1ES7,V26,A,I
1ES7,W31,A,S
1ES7,P50,A,I
1ES7,F49,A,I
1EAW,45I,A,0.194
1EAW,46D,A,0.172
1EAW,51R,A,0.231
1EAW,52Y,A,0.079
1EAW,82R,A,0.15
1EAW,90N,A,0.308
1EAW,93T,A,0.255
1EAW,138H,A,0.014
1EAW,140Q,A,0.307
1EAW,144T,A,0.089
1EAW,169Q,A,0.133
1EAW,214D,A,2.228
1EAW,218Q,A,0.144
1EAW,219R,A,0.089
1EMV,22N,A,0.139
1EMV,24D,A,0.337
1EMV,26S,A,3.196
1EMV,29E,A,0.307
1EMV,30E,A,0.22
1EMV,31L,A,5.047
1EMV,32V,A,3.621
1EMV,33K,A,0.192
1EMV,35V,A,2.865
1EMV,39E,A,2.083
1EMV,42T,A,0.305
1EMV,43E,A,0.213
1EMV,46S,A,0.007
1EMV,48S,A,2.187
1EMV,49D,A,5.915
1EMV,52Y,A,6.776
1EMV,53Y,A,6.447
1EMV,67N,A,0.278
1EMV,74S,B,0.241
1EMV,75N,B,2.334
1EMV,77S,B,0.233
1EMV,84S,B,0.109
1EMV,86F,B,6.044
1EMV,87T,B,0.158
1EMV,92Q,B,0.278
1FCC,E27,C,S
1FCC,K28,C,W
1FCC,K31,C,S
1FCC,N35,C,I
1FCC,D40,C,N
1FCC,E42,C,N
1FCC,W43,C,S
1FE8,R963,A,N
1FE8,E987,A,N
1FE8,H990,A,N
1FE8,H1023,A,N
1FOE,G54,B,S
1FOE,S41,B,I
1F47,8I,A,2.515
1F47,9P,A,0.058
1F47,11F,A,2.444
1F47,12L,A,2.294
1F47,14K,A,0.043
1F47,15Q,A,0.046
1F47,E17,B,0.14
1F47,S20,B,-0.43
1F47,L22,B,0.37
1F47,L25,B,0.3
1F47,P27,B,-1.26
1F47,E28,B,-0.36
1FC2,26F,C,0.014
1FC2,27I,C,3.729
1FFW,23H,B,0.034
1FFW,44D,B,0.074
1FFW,49D,B,0.096
1FFW,55C,B,0.204
1FFW,56F,B,3.644
1FAK,Q37,T,W
1FAK,K41,T,N
1FAK,S42,T,N
1FAK,D44,T,W
1FAK,Y94,T,W
1FAK,K15,T,N
1FAK,T17,T,N
1FAK,N18,T,N
1FAK,K20,T,S
1FAK,I22,T,W
1FAK,E24,T,W
1FAK,S47,T,N
1FAK,S48,T,N
1FAK,F50,T,N
1FAK,D58,T,S
1FAK,E128,T,N
1FAK,L133,T,N
1FAK,R135,T,N
1FAK,F140,T,I
1FAK,T203,T,N
1FAK,V207,T,N
1GL4,D427,A,S
1GL4,H429,A,S
1GL4,Y431,A,S
1GL4,Y440,A,I
1GL4,E616,A,S
1GL4,R620,A,S
1GL4,R403,A,I
1G3I,D438,A,S
1G3I,L439,A,S
1G3I,R441,A,S
1G3I,F442,A,S
1G3I,I443,A,S
1G3I,L444,A,S
1GCQ,18P,C,0.121
1GCQ,19P,C,0.085
1IHB,N101,B,N
1IHB,R133,B,W
1IHB,H135,B,W
1IHB,K136,B,I
1H9D,94N,B,2.11
1IAR,6T,A,0.104
1IAR,8Q,A,0.022
1IAR,11I,A,0.069
1IAR,15N,A,0.034
1IAR,16S,A,0.183
1IAR,19E,A,0.32
1IAR,77K,A,0.154
1IAR,78Q,A,0.125
1IAR,82F,A,0.086
1IAR,84K,A,0.345
1IAR,88R,A,3.753
1ILP,M1,C,0.38
1ILP,W2,C,2.71
1ILP,D3,C,2
1ILP,F4,C,2.06
1ILP,D5,C,2.74
1ILP,D6,C,2.72
1ILP,G7,C,-0.41
1ILP,M8,C,0.45
1ILP,P9,C,2.97
1ILP,P10,C,1.49
1ILP,D12,C,2.2
1ILP,E13,C,1.56
1ILP,D14,C,2.59
1ILP,S16,C,-0.26
1ILP,P17,C,2.24
1ILP,A11,C,0.12
1JAT,E55,A,S
1JAT,F8,B,S
1JCK,90Y,B,2.595
1JCK,91V,B,2.232
1JCK,176F,B,2.133
1JRH,37K,I,3.714
1JRH,38N,I,0.17
1JRH,39Y,I,3.527
1JRH,40G,I,4.45
1JRH,42K,I,3.386
1JRH,43N,I,4.299
1JRH,44S,I,0.378
1JRH,69N,I,0.2
1JRH,71L,I,2.959
1JRH,72W,I,4.429
1JRH,73V,I,0.214
1JRH,74R,I,0.393
1JRH,88K,I,0.312
1JRH,92W,L,2.818
1JRH,94T,L,0.385
1JRH,54W,H,2.686
1JRH,55W,H,2.421
1JRH,103F,H,0
1JTD,Y105,A,2.29
1JTD,E110,A,0.04
1JTD,K111,A,2.18
1JTD,M129,A,2.56
1JTD,V216,A,0.04
1JTD,M272,A,0.28
1JTD,T57,B,0.286329001
1JTD,Y73,B,3.079220598
1JTD,F74,B,2.492900776
1JTD,W152,B,3.180346571
1JTD,S169,B,0.147386307
1JTD,D170,B,-0.537627453
1JTD,Y191,B,3.221927375
1JTD,D206,B,-1.039385927
1JTD,F209,B,2.15025303
1JTD,I229,B,2.823561223
1JTD,F230,B,3.870446379
1JTD,W269,B,5.67769409
1JTG,E36,B,3.15
1JPP,K345,B,S
1JPP,K354,B,N
1JPP,W383,B,S
1JPP,R386,B,I
1JPP,K435,B,I
1JPP,R469,B,I
1JPP,H470,B,I
1NUN,D76,A,I
1NUN,R78,A,I
1NUN,R155,A,I
1K4U,R368,P,S
1K4U,L373,P,W
1K4U,I374,P,S
1K4U,R377,P,W
1K4U,T382,P,I
1KTZ,64R,A,2.883
1KTZ,3L,B,2.27
1KTZ,6F,B,3.425
1KTZ,26I,B,2.342
1K8R,D38,A,3.1
1K8R,R41,A,3.1
1LQB,M561,D,N
1LQB,L562,D,N
1LFD,35K,A,0.258
1LFD,43D,A,0.28
1LFD,44E,A,0.246
1MQ8,T206,B,S
1MAH,327Y,A,0.386
1MHP,R31,H,0.2
1MHP,T33,H,0.1
1MHP,S35,H,0.32
1MHP,T50,H,-0.26
1MHP,S52,H,-0.34
1MHP,G53,H,0.21
1MHP,G54,H,-0.12
1MHP,H56,H,0.1
1MHP,Y58,H,-0.5
1MHP,Y59,H,0.15
1MHP,L60,H,-0.12
1MHP,K64,H,-0.07
1MHP,F99,H,0
1MHP,G100,H,0.1
1MHP,G102,H,0.8
1MHP,A25,L,0
1MHP,V29,L,0.1
1MHP,H31,L,0.3
1MHP,M32,L,0.2
1MHP,T50,L,-0.1
1MHP,L53,L,-0.4
1MHP,S91,L,0.3
1MHP,G92,L,0.2
1MHP,N93,L,0.1
1MHP,P94,L,-0.1
1MLC,N32,A,0
1MLC,N92,A,-1.25
1MLC,T31,B,0.13
1MLC,S57,B,-0.38
1MLC,T58,B,-0.56
1MLC,K65,B,0.02
1MLC,T28,B,-0.15
1MTN,T311,D,0.2
1MTN,P313,D,-0.1
1MTN,I319,D,0.1
1MTN,R320,D,0.3
1MTN,V334,D,0
1MTN,G336,D,0.9
1MTN,R339,D,0.2
1NFI,Y181,F,S
1NFI,C215,F,N
5K39,D39,B,4
1NMB,103Y,H,2.14
1N8Z,D28,A,-0.28
1N8Z,N30,A,0.06
1N8Z,S50,A,-0.07
1N8Z,S52,A,-0.31
1N8Z,F53,A,-0.43
1N8Z,R66,A,0.22
1N8Z,H91,A,0.1
1N8Z,Y92,A,0.36
1N8Z,T94,A,-0.12
1N8Z,D31,B,0.25
1N8Z,T32,B,0.38
1N8Z,Y33,B,-0.09
1N8Z,Y52,B,0.23
1N8Z,N54,B,-0.15
1N8Z,W95,B,8
1N8Z,D98,B,-0.69
1N8Z,F100,B,-0.05
1N8Z,Y102,B,0.22
1N8Z,R50,B,8
1NVU,G12,R,-4.24
1S78,L525,A,-0.009560217
1S78,S551,A,-1.319173166
1S78,V552,A,0.047260556
1S78,F555,A,0.045616392
1UB4,F453,C,N
1UB4,L455,C,S
1UB4,L458,C,S
1U0S,V103,Y,0.01
1U7F,D493,B,2.7
1PPF,14P,I,0.122
1PPF,17T,I,3.145
1PPF,18L,I,3.541
1PPF,20Y,I,3.166
1PPF,21R,I,0.205
1PPF,42V,I,2.581
1R0R,13L,I,3.775
1R0R,14E,I,2.06
1R0R,15Y,I,5.398
1R0R,16R,I,0.095
1R0R,27G,I,3.081
1R0R,31N,I,0.033
1REW,38F,A,2.123
1REW,39P,A,2.088
1REW,42D,A,0.065
1REW,77S,A,0.193
1REW,89L,A,0.176
1REW,38F,B,2.123
1REW,39P,B,2.088
1REW,42D,B,0.065
1REW,77S,B,0.193
1REW,89L,B,0.176
1REW,55Q,C,2.657
1S1Q,42F,A,0.196
1S1Q,73W,A,0.276
1TM1,39T,I,2.896
1TM1,41E,I,2.53
1TM1,42Y,I,2.579
1TM1,46R,I,3.96
1TM1,48R,I,3.689
1TM1,51V,I,0.025
1VFB,92W,A,3.357
1VFB,93S,A,0.343
1VFB,19N,C,0.396
1VFB,24S,C,2.11
1VFB,121Q,C,2.66
1VFB,124I,C,2.662
1VFB,125R,C,2.615
1XD3,8L,B,2.738
1XD3,24E,B,0.246
1XD3,27K,B,0.064
1XD3,44I,B,0.272
1XD3,52D,B,0.246
1XD3,58D,B,0.246
1Z7X,263W,W,2.211
1Z7X,434Y,W,6.786
1Z7X,435D,W,5.414
1Z7X,437Y,W,4.93
1Z7X,459I,W,0.337
1YCS,P177,A,-1.29
1YCS,R248,A,-24.31
1YCS,R273,A,-3.44
1YCS,D281,A,-0.903
1YY9,S26,C,-0.2
1YY9,T31,C,-0.52
1YY9,N93,C,-0.74
1YY9,N56,D,-0.06
1YY9,T61,D,-0.06
2HHB,Y35,D,N
2NMB,M99,A,S
2NMB,C150,A,S
2NMB,Y2,B,I
2NMB,I3,B,I
2FTL,12G,I,4.346
2FTL,15K,I,10.289
2FTL,18I,I,4.969
2FTL,36G,I,2.191
2G2U,36F,B,2.762
2G2U,50Y,B,2.2
2G2U,53Y,B,2.301
2G2U,73E,B,2.088
2G2U,74K,B,0.217
2G2U,112W,B,0.274
2G2U,142F,B,0.276
2G2U,144R,B,0.342
2I9B,129R,E,0.287
2I9B,134R,E,0.363
2J0T,2T,D,4.387
2J0T,68S,D,3.694
2J1K,155R,C,0.052
2JEL,62T,P,0
2JEL,70E,P,2.727
2JEL,83E,P,0
2JEL,85E,P,0
2O3B,24E,B,5.472
2O3B,74Q,B,4.492
2O3B,76W,B,4.912
2PCC,34D,A,0.264
2PCC,197V,A,2.126
2PCC,290E,A,3.65
2QJA,43T,C,0.097
2QJA,62P,C,0.268
2SIC,67M,I,0.218
2VLJ,52D,E,0.132
2VLJ,95S,E,0.035
2VLJ,97Y,E,0.232
2WPT,30D,A,0.132
2WPT,34V,A,3.459
2WPT,38E,A,4.501
2WPT,39R,A,0.24
2WPT,47S,A,2.424
2WPT,53P,A,2.926
2WPT,67S,B,0.134
2WPT,71S,B,0.095
2WPT,77S,B,0.067
2WPT,80T,B,0.376
2WPT,85Q,B,0.384
2WPT,91V,B,0.265
2KSO,M13,A,-0.9
2NYY,S902,A,-0.23
2NYY,K903,A,0.29
2NYY,L919,A,2.59
2NYY,E920,A,2.84
2NYY,K923,A,-0.14
2NYY,F953,A,4.06
2NYY,N954,A,0.1
2NYY,I956,A,-0.01
2NYY,K1056,A,-0.03
2NYY,D1058,A,0.01
2NYY,D1062,A,2.53
2NYY,H1064,A,7.32
2NYY,R1294,A,0.3
2NYY,S955,A,0
2NYY,S28,C,0.32
2NYY,D30,C,0.25
2NYY,S31,C,-0.36
2NYY,H34,C,0.1
2NYY,K30,D,0.07
2NYY,Y31,D,0.07
2NYY,M34,D,-0.06
2NYY,Y57,D,0.13
2NZ9,Q915,A,0.1
2NZ9,F917,A,-0.05
2NZ9,L919,A,2.28
2NZ9,N918,A,2.16
2NZ9,E920,A,2.77
2NZ9,K923,A,-0.3
2NZ9,F953,A,3.34
2NZ9,N954,A,-0.15
2NZ9,S955,A,-0.08
2NZ9,I956,A,0.07
2NZ9,K1056,A,-0.01
2NZ9,D1058,A,-0.03
2NZ9,R1061,A,0.29
2NZ9,D1062,A,2.34
2NZ9,T1063,A,2.37
2NZ9,H1064,A,7.42
2NZ9,R1294,A,0.39
2NZ9,S902,A,-0.12
2PTC,K15,I,10
2X0B,Y4,B,2.87
2X0B,I5,B,3.69
2X0B,H6,B,4.97
2X0B,F8,B,6.02
2X0B,H9,B,6.28
2X0B,L10,B,6.44
2X0B,V11,B,3.63
2X0B,I12,B,7.36
2X0B,H13,B,6.52
2X0B,E15,B,3.68
2X0B,K55,B,3.47
2X0B,L56,B,3.47
2X0B,R57,B,2.7
2X0B,F67,B,3.13
2X0B,R71,B,5.59
2X0B,Y73,B,2.44
2X0B,V119,B,-1.7
2X0B,K122,B,-1.7
2X0B,D123,B,4.43
2X0B,Q318,B,2.83
2X0B,K326,B,5.11
2X0B,L327,B,2.51
3SAK,E8,A,W
3SAK,F10,A,S
3SAK,T11,A,I
3SAK,L12,A,S
3SAK,Q13,A,W
3SAK,I14,A,S
3SAK,R15,A,I
3SAK,R17,A,W
3SAK,R19,A,S
3SAK,F20,A,S
3SAK,F23,A,S
3SAK,L26,A,S
3SAK,N27,A,I
3SAK,L30,A,S
3SAK,D34,A,W
3BK3,2L,C,0
3BN9,26I,B,0
3BN9,47D,B,0.311
3BN9,48R,B,0.045
3BN9,50F,B,0.045
3BN9,51R,B,0.072
3BN9,52Y,B,0.019
3BN9,82R,B,0.159
3BN9,138H,B,0.085
3BN9,140Q,B,0.133
3BN9,144T,B,0.291
3BN9,147L,B,0.336
3BN9,163E,B,0.373
3BN9,168Q,B,0.035
3BN9,169Q,B,2.509
3BN9,219R,B,0.094
3BN9,D96,A,6.7
3BN9,F97,A,6.7
3BN9,T28,H,0.3
3BN9,S30,H,0.36
3BN9,T98,H,0.3
3BN9,Y99,H,0
3BN9,Q100,H,-0.06
3BP8,115F,A,0.033
3NPS,23Q,A,0.026
3NPS,45I,A,0.332
3NPS,46D,A,0.34
3NPS,50F,A,0.22
3NPS,51R,A,0.138
3NPS,82R,A,0.152
3NPS,90N,A,0.253
3NPS,140Q,A,0.296
3NPS,144T,A,0.175
3NPS,147L,A,0.296
3NPS,168Q,A,0.059
3NPS,218Q,A,0.041
3NPS,219R,A,0.084
3NPS,221K,A,0.104
3SGB,7K,I,2.536
3SGB,8P,I,0.187
3SGB,11T,I,3.363
3SGB,12L,I,3.533
3SGB,15R,I,0.053
3SGB,30N,I,0.326
3SGB,36V,I,2.713
3BDY,D31,H,0.2
3BDY,K30,H,0.2
3BDY,T32,H,-0.4
3BDY,R50,H,-0.3
3BDY,N54,H,-0.2
3BDY,T53,H,-0.5
3BDY,Y56,H,0.2
3BDY,R58,H,-0.2
3BDY,G96,H,0.2
3BDY,G97,H,-0.1
3BDY,D98,H,0
3BDY,Y33,H,0.3
3BDY,D27,L,0
3BDY,S52,L,0.1
3BDY,T93,L,-0.3
3BDY,T94,L,0
3BE1,D31,H,0.39
3BE1,T32,H,-0.4
3BE1,Y33,H,2.4
3BE1,R50,H,2.4
3BE1,Y52,H,-0.8
3BE1,T53,H,0.1
3BE1,N54,H,-0.8
3BE1,R58,H,2.5
3BE1,G96,H,0.1
3BE1,G97,H,0.3
3BE1,D98,H,-0.1
3BE1,R27,L,-0.2
3BE1,S28,L,0.3
3BE1,S30,L,-0.2
3BE1,G31,L,0.3
3BE1,Y32,L,-0.8
3BE1,G51,L,-0.3
3BE1,S52,L,0.3
3BE1,T93,L,-0.4
3BIW,E577,A,-1.24
3K2M,Y36,D,3.7
3K2M,R38,D,2.5
3K2M,E52,D,2.5
3K2M,W80,D,4
3K2M,M88,D,4
3K2M,Y87,D,4
3MBW,G111,A,0.14
3NGB,I30,B,-0.01
3NGB,R53,B,-0.27
3NGB,G54,B,-1.28
3NGB,P62,B,-0.05
3NGB,Q64,B,-0.35
3NGB,Y74,B,-0.21
3NGB,D99,B,0.05
3NGB,Y100,B,1.42
3NGB,V3,C,-0.78
3NGB,Q27,C,-0.24
3NGB,S30,C,-0.15
3NGB,Y91,C,2.01
3Q3J,Y114,B,0.3
3SE8,R30,H,-0.04
3SE8,L54,H,0.05
3SE8,W55,H,-0.01
3SE8,G56,H,0.35
3SE8,R72,H,2.65
3SE8,Q76,H,0.09
3SE8,P78,H,0.01
3SE8,P81,H,-0.08
3SE8,D110,H,-0.38
3SE8,D114,H,-0.24
3SE8,E1,L,-0.57
3SE8,Q27,L,-0.22
3SE8,N30,L,0.2
3SE8,F90,L,-0.87
3SE9,V3,L,-0.51
3SE9,F97,L,0.02
3W2D,Y46,A,0.1
3W2D,K71,A,0.22
4BFI,G113,A,0.3
4BJ5,E47,A,0.1
4BKL,S31,A,0.206169551
4BPX,E44,A,-0.848852262
4BPX,Y54,A,0.119803162
4BPX,R56,A,-0.04620941
4BPX,K77,A,0.161406463
4BPX,D109,A,-0.065751418
4BPX,D111,A,-1.382782255
4BPX,D114,A,-0.262674184
4BPX,D116,A,-0.075096306
4BPX,D306,A,-0.198013192
4BPX,H315,A,-0.138967672
4BPX,K318,A,-0.065751418
4BPX,H324,A,-0.06508953
4BPX,R183,A,0.259762714
4BPX,F178,A,-0.871107185
4BPX,Y223,A,-0.142726217
4BPX,R227,A,-0.38532035
4BPX,F104,B,2.221011929
4BPX,R107,B,2.046757271
4BPX,L108,B,2.226577421
4CPA,37V,I,2.324
4FZA,E138,B,-1.053772163
4HMY,Q71,C,0.1
4HSA,W67,A,0.155508697
4HSA,H86,A,0.255926322
4HSA,Y85,A,0.396253833
4IOF,F530,A,2.63574435
4J2L,W37,C,2.278266248
4J2L,L40,C,0.34
4JEU,R171,A,-0.261751662
4JEU,R39,A,0.162304397
4KRM,R30,B,2.18117592
4L72,N229,A,-6.883113358
4LRX,H56,A,0.3204415
4MYW,I80,A,-1.519990714
4NM8,I18,B,0.109878921
4NM8,D19,B,0.162095779
4NM8,R25,B,0.3
4NM8,T32,B,-0.050251223
4NM8,Q34,B,0.222295079
4NM8,L38,B,-0.615714011
4NZW,K96,A,0.076847885
4NZW,E59,A,0.331030211
4NZW,E134,B,0.363211628
4O27,E58,B,0.377875746
4O27,E138,B,0.306891969
4OFY,M56,A,0.071916142
4OFY,F60,A,4.594586354
4OFY,S107,A,0.129886137
4OFY,E108,A,0.270374364
4OFY,Q53,D,2.859845996
4OFY,L61,D,2.557084998
4OFY,Q105,D,4.635478149
4OFY,R115,D,3.410814856
4OZG,N36,E,-0.05005153
4OZG,Y40,E,0.3
4OZG,Y55,F,-0.59377684
4OZG,N63,F,-0.083171578
4OZG,L103,F,-0.2
4P23,V72,C,0
4P23,K75,C,0.2
4P23,E59,D,0.1
4P23,Y60,D,0.2
4P23,S63,D,0
4P23,Q64,D,0.1
4P23,P65,D,0.1
4P23,E66,D,0.1
4P23,I67,D,0.2
4P23,E69,D,0.2
4P23,R70,D,0.2
4P23,R72,D,0
4P23,D76,D,0
4P23,T77,D,0
4P23,R80,D,0
4P23,H81,D,0.2
4P23,E84,D,0.1
4P4Q,E32,A,0.16
4P4Q,D34,A,-0.9
4P4Q,E35,A,0.17
4P4Q,A193,A,0
4P4Q,V197,A,2.1
4P4Q,E290,A,-0.8
4P4Q,E291,A,-0.1
4P4Q,A81,B,0
4P5T,Q57,C,0
4P5T,Q61,C,0
4P5T,V72,C,0
4P5T,K75,C,0.3
4P5T,E59,D,0.1
4P5T,Y60,D,0.1
4P5T,S63,D,0
4P5T,Q64,D,0
4P5T,P65,D,0
4P5T,E66,D,0.2
4P5T,I67,D,0
4P5T,E69,D,0.1
4P5T,R70,D,0.1
4P5T,R72,D,0
4P5T,D76,D,0
4P5T,T77,D,0.2
4P5T,R80,D,0
4P5T,H81,D,0.2
4P5T,E84,D,0
4PWX,K69,A,0.202390236
4PWX,K72,A,0.259762714
4PWX,R75,A,0.359161384
4PWX,E253,A,0.2
4PWX,E304,A,0.18
4PWX,E31,C,-0.686585163
4PWX,H33,C,-0.35435029
4PWX,Q34,C,-0.178471183
4PWX,R45,C,0.335073125
4PWX,E81,C,0.103958986
4QTI,R58,U,3
4QTI,R89,U,3
4QTI,R91,U,3
4QTI,Y92,U,3
4QTI,E94,U,3
4QTI,Q114,U,3
4RA0,G32,C,0.1
4RA0,D87,C,-0.5
4RA0,V92,C,-0.6
4RA0,G127,C,-0.01
4U6H,N27,E,-1.204738919
4UWQ,R416,A,-1
4X4M,K173,E,-0.75
4X4M,H174,E,-0.63
4X4M,R175,E,-1.92
4Y61,Y273,A,-0.044929235
4Y61,R114,B,-0.154916273
4YEB,A313,A,0.065582469
4YEB,R117,B,0.274118663
4YEB,F160,B,-1.687660563
4YFD,R75,A,0.296819816
4YFD,R196,A,0.259762714
4YFD,D30,B,-0.024196036
5C6T,Y280,A,3.211234335
5C6T,N281,A,0.284111691
5C6T,T283,A,0.33809636
5C6T,N284,A,0.3614206
5C6T,N286,A,-0.367425539
5C6T,F297,A,2.760639263
5C6T,R31,H,0.311017395
5C6T,S32,H,-0.868535725
5C6T,Y109,H,0.3614206
5C6T,R51,L,0.122701557
5CYK,E481,A,-0.348404816
5CYK,T484,A,-0.646101524
5CYK,R486,A,-0.152317007
5CYK,V488,A,-0.152317007
5K39,L83,B,-3
5E6P,Y1806,A,0.364633185
5E6P,A1832,A,0.118505006
5E6P,A1833,A,0.60511707
5E6P,I66,B,0.278580821
5E6P,R88,B,-0.6